,Intensidad,Magnitud
0,4.3,4.5
1,2.0,4.5
2,2.0,5.0
3,4.3,5.0
4,6.7,6.0
5,4.8,4.8
6,3.7,4.8
7,2.0,4.6
8,3.4,4.6
9,4.1,5.1
10,3.4,4.4
11,4.1,4.4
12,3.0,4.4
13,3.4,4.7
14,4.6,5.7
15,4.6,6.8
16,3.1,4.5
17,2.5,5.0
18,4.1,5.5
19,4.6,4.3
20,3.9,4.8
21,3.1,5.1
22,4.8,5.1
23,1.0,4.2
24,5.9,5.0
25,3.4,4.8
26,2.0,4.6
27,4.3,4.6
28,4.6,5.1
29,4.1,4.7
30,3.8,4.7
31,3.8,6.7
32,8.0,7.2
33,4.7,4.5
34,1.0,4.5
35,2.7,4.5
36,3.1,4.5
37,2.2,4.5
38,1.0,4.5
39,1.0,4.5
40,1.0,4.5
41,2.0,4.5
42,1.0,4.5
43,5.1,5.0
44,2.0,5.0
45,2.5,5.0
46,5.8,5.0
47,2.5,5.0
48,4.8,5.5
49,2.0,4.3
50,3.9,4.3
51,2.5,4.8
52,4.6,4.8
53,3.8,4.8
54,4.3,4.6
55,3.4,5.1
56,2.7,4.4
57,3.8,4.4
58,4.3,4.4
59,1.0,4.4
60,1.0,4.4
61,1.0,4.4
62,2.4,4.9
63,2.5,4.9
64,3.4,4.9
65,4.1,4.9
66,1.0,4.2
67,6.2,4.7
68,2.6,4.7
69,2.7,4.7
70,4.1,4.7
71,1.0,4.7
72,4.2,5.2
73,5.0,5.2
74,2.4,5.7
75,2.7,6.2
76,6.7,7.3
77,3.8,4.5
78,2.9,4.5
79,5.3,5.0
80,3.1,5.0
81,5.7,5.5
82,3.4,4.6
83,3.8,4.6
84,6.6,5.1
85,5.0,5.6
86,5.2,5.6
87,3.1,4.4
88,2.0,4.4
89,3.4,4.9
90,3.8,4.7
91,1.0,4.4
92,4.1,5.4
93,2.2,4.5
94,2.0,4.3
95,1.0,4.6
96,3.4,5.1
97,4.3,4.4
98,3.4,4.7
99,4.4,5.2
100,5.0,5.3
101,2.9,4.6
102,3.9,4.4
103,3.8,3.4
104,4.3,3.2
105,5.2,6.9
106,5.2,4.0
107,1.0,4.0
108,3.8,4.5
109,3.1,5.0
110,1.0,4.3
111,2.0,4.6
112,5.6,4.9
113,1.0,4.9
114,2.0,4.2
115,1.0,4.2
116,3.6,4.7
117,1.0,4.7
118,2.0,5.2
119,3.1,5.7
120,3.1,4.5
121,1.0,4.5
122,4.9,5.5
123,4.8,5.1
124,6.4,4.7
125,3.4,5.2
126,2.0,4.5
127,5.0,5.5
128,4.9,4.6
129,6.5,5.7
130,4.3,4.5
131,2.2,4.6
132,4.1,4.3
133,5.2,4.7
134,1.0,4.5
135,1.0,4.3
136,3.0,4.8
137,1.0,4.1
138,5.6,4.6
139,2.2,4.6
140,1.0,4.4
141,1.0,4.4
142,2.7,4.4
143,2.1,4.7
144,1.0,4.7
145,2.3,4.7
146,4.5,4.5
147,4.3,4.5
148,2.0,4.5
149,4.9,5.0
150,5.3,6.0
151,3.4,4.3
152,3.8,4.3
153,2.7,4.8
154,5.4,4.8
155,5.3,4.8
156,3.4,4.8
157,6.1,4.8
158,2.0,4.6
159,1.0,4.6
160,1.0,4.6
161,5.6,5.1
162,3.4,5.1
163,4.1,4.4
164,2.0,4.4
165,4.3,4.9
166,3.8,4.9
167,2.0,4.7
168,3.1,4.7
169,2.7,4.7
170,4.8,4.7
171,4.3,4.7
172,4.3,4.7
173,5.4,4.7
174,2.9,4.7
175,3.7,5.7
176,3.1,4.5
177,3.9,4.5
178,1.0,4.5
179,3.1,4.3
180,2.0,4.4
181,3.1,4.4
182,2.0,3.7
183,4.0,5.0
184,3.1,4.1
185,1.0,4.4
186,3.8,4.9
187,3.6,4.0
188,1.0,4.0
189,1.0,4.0
190,3.4,4.0
191,2.0,4.5
192,1.0,4.5
193,2.2,4.5
194,2.0,4.5
195,2.0,4.5
196,2.0,4.5
197,2.7,4.5
198,2.0,4.5
199,2.2,4.5
200,1.0,4.5
201,1.0,4.5
202,5.2,4.5
203,2.2,4.5
204,1.0,4.5
205,1.0,4.5
206,1.0,4.5
207,3.4,5.0
208,2.2,5.0
209,3.9,5.0
210,3.4,5.0
211,3.8,5.0
212,3.7,4.3
213,2.6,4.3
214,2.7,4.3
215,1.0,4.3
216,2.0,4.3
217,3.0,4.3
218,2.6,4.3
219,3.9,4.3
220,2.0,4.3
221,1.0,4.3
222,2.9,4.3
223,1.0,4.3
224,4.1,4.3
225,1.0,4.3
226,1.0,4.3
227,1.0,4.3
228,1.0,4.3
229,1.0,4.3
230,2.0,4.3
231,1.0,4.3
232,1.0,4.3
233,1.0,4.3
234,1.0,4.3
235,1.0,4.3
236,3.9,4.3
237,2.0,4.8
238,2.2,4.8
239,3.4,4.8
240,3.4,4.8
241,3.4,4.8
242,3.4,4.8
243,3.8,4.8
244,3.0,4.8
245,3.6,4.8
246,4.6,5.3
247,5.7,5.3
248,5.1,5.3
249,1.0,4.1
250,1.0,4.1
251,2.7,4.1
252,1.0,4.1
253,1.0,4.1
254,1.0,4.1
255,1.0,4.1
256,1.0,4.1
257,2.2,4.6
258,4.1,4.6
259,4.9,4.6
260,3.1,4.6
261,3.4,4.6
262,4.3,4.6
263,1.0,4.6
264,3.4,4.6
265,2.7,4.6
266,2.9,4.6
267,2.8,4.6
268,3.1,4.6
269,2.7,4.6
270,2.2,4.6
271,4.3,5.1
272,3.8,5.1
273,4.8,5.1
274,4.6,5.1
275,5.3,4.4
276,1.0,4.4
277,2.0,4.4
278,2.2,4.4
279,2.0,4.4
280,2.0,4.4
281,3.1,4.4
282,1.0,4.4
283,1.0,4.4
284,3.4,4.4
285,1.0,4.4
286,1.0,4.4
287,1.0,4.4
288,1.0,4.4
289,1.0,4.4
290,1.0,4.4
291,1.0,4.4
292,3.4,4.4
293,3.4,4.4
294,2.7,4.4
295,4.3,4.9
296,2.0,4.9
297,3.4,4.9
298,3.8,4.9
299,3.7,4.9
300,4.8,4.9
301,3.6,4.9
302,2.2,4.9
303,3.1,4.9
304,3.4,4.9
305,2.2,4.9
306,6.1,5.4
307,5.4,5.4
308,5.0,5.4
309,3.4,4.2
310,2.0,4.2
311,2.0,4.2
312,1.0,4.2
313,1.0,4.2
314,1.0,4.2
315,1.0,4.2
316,1.0,4.2
317,1.0,4.2
318,1.0,4.2
319,1.0,4.2
320,1.0,4.2
321,1.0,4.2
322,1.0,4.2
323,4.3,4.7
324,3.1,4.7
325,3.4,4.7
326,3.4,4.7
327,3.1,4.7
328,2.2,4.7
329,3.8,4.7
330,4.1,4.7
331,3.6,4.7
332,3.1,4.7
333,2.2,4.7
334,1.0,4.7
335,1.0,4.7
336,1.0,4.7
337,3.8,4.7
338,4.1,4.7
339,4.8,4.7
340,4.1,5.2
341,4.1,5.2
342,6.4,5.2
343,4.2,5.2
344,5.9,6.2
345,2.0,4.3
346,4.6,5.1
347,1.0,4.4
348,1.0,4.4
349,3.4,4.9
350,2.5,4.9
351,6.1,4.7
352,2.0,5.2
353,2.7,3.8
354,5.9,5.9
355,3.8,4.0
356,2.2,4.0
357,1.0,4.2
358,2.0,4.2
359,3.1,4.7
360,2.6,5.2
361,6.0,6.1
362,2.2,4.5
363,3.1,4.5
364,3.1,4.5
365,3.9,4.5
366,4.3,4.5
367,3.4,4.5
368,3.1,4.5
369,6.0,5.0
370,2.2,5.0
371,2.7,5.0
372,6.0,5.0
373,3.1,4.3
374,3.0,4.3
375,3.1,4.3
376,4.1,4.8
377,3.9,4.8
378,4.3,4.8
379,2.2,4.6
380,2.0,4.6
381,3.8,4.6
382,3.4,4.6
383,3.4,4.6
384,4.6,4.6
385,3.2,4.6
386,2.0,4.4
387,2.0,4.4
388,3.4,4.4
389,3.1,4.4
390,3.8,4.9
391,4.4,4.9
392,4.8,4.9
393,5.4,4.9
394,2.0,4.7
395,4.8,4.7
396,4.1,4.6
397,4.9,4.4
398,2.0,4.5
399,3.1,6.0
400,3.9,5.3
401,2.0,4.6
402,2.9,4.4
403,2.0,4.9
404,6.2,6.3
405,7.5,5.1
406,2.0,5.1
407,2.0,4.4
408,2.5,5.2
409,1.0,4.0
410,1.0,4.5
411,1.0,4.8
412,1.0,4.1
413,1.0,4.7
414,4.3,6.1
415,4.1,4.7
416,2.2,4.1
417,2.2,4.7
418,2.7,4.0
419,2.7,5.5
420,2.7,4.1
421,2.7,4.4
422,2.7,5.2
423,3.1,5.3
424,6.1,4.5
425,4.5,4.6
426,3.2,4.2
427,2.5,3.7
428,1.0,4.0
429,1.0,4.2
430,3.4,4.5
431,4.3,4.5
432,4.8,5.1
433,4.8,5.2
434,5.3,5.1
435,3.4,3.9
436,6.3,4.5
437,7.5,6.3
438,2.5,4.9
439,5.0,5.3
440,5.0,4.9
441,1.0,4.5
442,1.0,4.5
443,1.0,4.5
444,1.0,4.3
445,1.0,4.9
446,1.0,4.2
447,3.4,4.9
448,3.8,5.0
449,3.8,5.1
450,3.8,5.2
451,4.1,5.0
452,4.6,4.5
453,2.2,4.8
454,2.7,4.3
455,5.4,5.5
456,3.1,4.9
457,3.1,4.7
458,3.1,4.7
459,2.0,4.9
460,1.0,4.0
461,1.0,4.5
462,1.0,4.3
463,1.0,4.3
464,1.0,4.3
465,1.0,4.4
466,3.8,4.5
467,3.8,4.8
468,3.8,4.6
469,4.1,4.2
470,3.6,4.4
471,1.0,4.0
472,1.0,4.3
473,1.0,4.3
474,1.0,4.3
475,3.4,4.9
476,3.4,4.7
477,4.3,5.5
478,4.3,5.1
479,5.3,6.2
480,2.2,4.6
481,2.2,4.7
482,2.7,4.5
483,2.7,4.5
484,2.7,4.9
485,3.6,4.8
486,3.5,4.5
487,4.7,4.5
488,2.8,5.0
489,6.1,5.5
490,6.3,5.5
491,5.8,6.0
492,7.7,6.0
493,4.0,4.8
494,2.6,4.8
495,4.4,5.3
496,4.9,5.3
497,3.0,5.3
498,6.2,5.8
499,2.8,5.8
500,3.2,4.6
501,2.8,4.6
502,4.0,4.6
503,4.5,5.1
504,5.2,5.1
505,4.5,5.6
506,2.8,4.4
507,2.4,4.4
508,4.7,4.4
509,4.9,4.9
510,6.8,4.9
511,4.7,4.9
512,2.4,4.9
513,2.8,4.7
514,5.5,4.7
515,5.2,5.2
516,4.5,5.7
517,5.8,5.7
518,0.0,4.4
519,2.0,4.5
520,2.0,5.0
521,2.0,4.3
522,2.0,4.3
523,2.0,4.3
524,2.0,4.8
525,2.0,4.8
526,2.0,4.8
527,2.0,4.8
528,2.0,4.8
529,2.0,4.8
530,2.0,5.3
531,2.0,5.8
532,2.0,4.1
533,2.0,4.6
534,2.0,4.6
535,2.0,4.6
536,2.0,4.4
537,2.0,4.4
538,2.0,4.4
539,2.0,4.4
540,2.0,4.9
541,2.0,4.9
542,2.0,4.9
543,2.0,4.9
544,2.0,4.9
545,2.0,4.9
546,2.0,5.4
547,2.0,5.4
548,2.0,4.7
549,2.0,4.7
550,2.0,4.7
551,2.0,4.7
552,2.0,5.2
553,2.0,5.2
554,2.0,5.2
555,2.0,4.6
556,2.5,4.5
557,2.5,4.4
558,2.5,4.7
559,5.0,5.5
560,5.0,5.8
561,5.0,4.9
562,5.0,5.2
563,5.0,5.2
564,6.0,5.1
565,6.0,5.9
566,6.0,5.2
567,6.0,6.2
568,1.0,4.0
569,1.0,4.0
570,1.0,4.0
571,1.0,4.5
572,1.0,4.5
573,1.0,4.5
574,1.0,4.5
575,1.0,4.5
576,1.0,4.5
577,1.0,4.5
578,1.0,4.5
579,1.0,4.5
580,1.0,4.5
581,1.0,4.5
582,1.0,4.5
583,1.0,4.5
584,1.0,4.5
585,1.0,4.5
586,1.0,4.5
587,1.0,4.5
588,1.0,4.5
589,1.0,4.5
590,1.0,4.5
591,1.0,4.5
592,1.0,4.5
593,1.0,4.5
594,1.0,4.5
595,1.0,4.5
596,1.0,4.5
597,1.0,4.5
598,1.0,4.5
599,1.0,4.5
600,1.0,4.5
601,1.0,4.5
602,1.0,4.5
603,1.0,4.5
604,1.0,4.5
605,1.0,4.5
606,1.0,4.5
607,1.0,4.5
608,1.0,4.5
609,1.0,5.0
610,1.0,5.0
611,1.0,5.0
612,1.0,5.0
613,1.0,5.0
614,1.0,5.5
615,1.0,5.5
616,1.0,6.0
617,1.0,6.0
618,1.0,4.3
619,1.0,4.3
620,1.0,4.3
621,1.0,4.3
622,1.0,4.3
623,1.0,4.3
624,1.0,4.3
625,1.0,4.3
626,1.0,4.3
627,1.0,4.3
628,1.0,4.3
629,1.0,4.3
630,1.0,4.3
631,1.0,4.3
632,1.0,4.3
633,1.0,4.3
634,1.0,4.3
635,1.0,4.3
636,1.0,4.3
637,1.0,4.3
638,1.0,4.3
639,1.0,4.3
640,1.0,4.8
641,1.0,4.8
642,1.0,4.8
643,1.0,4.8
644,1.0,4.8
645,1.0,4.8
646,1.0,4.8
647,1.0,4.8
648,1.0,4.8
649,1.0,4.8
650,1.0,4.8
651,1.0,4.8
652,1.0,4.8
653,1.0,4.8
654,1.0,5.3
655,1.0,5.3
656,1.0,5.3
657,1.0,5.8
658,1.0,4.1
659,1.0,4.1
660,1.0,4.1
661,1.0,4.1
662,1.0,4.1
663,1.0,4.1
664,1.0,4.1
665,1.0,4.6
666,1.0,4.6
667,1.0,4.6
668,1.0,4.6
669,1.0,4.6
670,1.0,4.6
671,1.0,4.6
672,1.0,4.6
673,1.0,4.6
674,1.0,4.6
675,1.0,4.6
676,1.0,4.6
677,1.0,4.6
678,1.0,4.6
679,1.0,4.6
680,1.0,4.6
681,1.0,4.6
682,1.0,4.6
683,1.0,4.6
684,1.0,4.6
685,1.0,4.6
686,1.0,4.6
687,1.0,4.6
688,1.0,4.6
689,1.0,4.6
690,1.0,4.6
691,1.0,4.6
692,1.0,4.6
693,1.0,4.6
694,1.0,4.6
695,1.0,4.6
696,1.0,4.6
697,1.0,4.6
698,1.0,4.6
699,1.0,4.6
700,1.0,4.6
701,1.0,4.6
702,1.0,4.6
703,1.0,5.1
704,1.0,5.1
705,1.0,5.1
706,1.0,5.1
707,1.0,5.1
708,1.0,5.1
709,1.0,5.6
710,1.0,4.4
711,1.0,4.4
712,1.0,4.4
713,1.0,4.4
714,1.0,4.4
715,1.0,4.4
716,1.0,4.4
717,1.0,4.4
718,1.0,4.4
719,1.0,4.4
720,1.0,4.4
721,1.0,4.4
722,1.0,4.4
723,1.0,4.4
724,1.0,4.4
725,1.0,4.4
726,1.0,4.4
727,1.0,4.4
728,1.0,4.4
729,1.0,4.4
730,1.0,4.4
731,1.0,4.4
732,1.0,4.4
733,1.0,4.4
734,1.0,4.4
735,1.0,4.4
736,1.0,4.4
737,1.0,4.4
738,1.0,4.4
739,1.0,4.4
740,1.0,4.4
741,1.0,4.9
742,1.0,4.9
743,1.0,4.9
744,1.0,4.9
745,1.0,4.9
746,1.0,5.9
747,1.0,4.2
748,1.0,4.2
749,1.0,4.2
750,1.0,4.2
751,1.0,4.2
752,1.0,4.2
753,1.0,4.2
754,1.0,4.2
755,1.0,4.2
756,1.0,4.2
757,1.0,4.2
758,1.0,4.2
759,1.0,4.2
760,1.0,4.2
761,1.0,4.2
762,1.0,4.2
763,1.0,4.2
764,1.0,4.2
765,1.0,4.2
766,1.0,4.2
767,1.0,4.2
768,1.0,4.2
769,1.0,4.2
770,1.0,4.7
771,1.0,4.7
772,1.0,4.7
773,1.0,4.7
774,1.0,4.7
775,1.0,4.7
776,1.0,4.7
777,1.0,4.7
778,1.0,4.7
779,1.0,4.7
780,1.0,4.7
781,1.0,4.7
782,1.0,4.7
783,1.0,4.7
784,1.0,4.7
785,1.0,4.7
786,1.0,4.7
787,1.0,4.7
788,1.0,4.7
789,1.0,4.7
790,1.0,4.7
791,1.0,4.7
792,1.0,5.2
793,1.0,5.2
794,1.0,5.2
795,1.0,4.6
796,1.0,4.4
797,2.9,4.5
798,2.9,4.5
799,2.9,5.3
800,2.9,3.8
801,2.9,4.6
802,2.9,4.6
803,2.9,4.4
804,2.9,4.4
805,2.9,4.7
806,3.4,4.5
807,3.4,4.5
808,3.4,4.5
809,3.4,4.5
810,3.4,4.5
811,3.4,4.5
812,3.4,4.5
813,3.4,4.5
814,3.4,5.0
815,3.4,5.0
816,3.4,5.5
817,3.4,4.3
818,3.4,4.3
819,3.4,4.8
820,3.4,5.3
821,3.4,5.3
822,3.4,4.6
823,3.4,4.6
824,3.4,4.6
825,3.4,4.6
826,3.4,4.6
827,3.4,5.1
828,3.4,5.6
829,3.4,6.1
830,3.4,6.1
831,3.4,4.4
832,3.4,4.4
833,3.4,4.4
834,3.4,4.4
835,3.4,4.4
836,3.4,4.9
837,3.4,4.9
838,3.4,4.9
839,3.4,4.2
840,3.4,4.7
841,3.4,4.7
842,3.4,4.7
843,3.4,4.7
844,3.4,4.7
845,3.4,4.7
846,3.4,5.2
847,3.4,4.4
848,3.9,4.5
849,3.9,4.5
850,3.9,5.0
851,3.9,4.8
852,3.9,5.8
853,3.9,5.1
854,3.9,5.4
855,3.9,6.2
856,4.3,4.8
857,4.3,4.8
858,4.3,5.3
859,4.3,5.3
860,4.3,4.6
861,4.3,4.6
862,4.3,5.1
863,4.3,6.1
864,4.3,6.6
865,4.3,4.4
866,4.3,4.4
867,4.3,4.9
868,4.3,5.4
869,4.3,5.9
870,4.8,4.5
871,4.8,5.0
872,4.8,5.0
873,4.8,4.6
874,4.8,5.1
875,4.8,4.9
876,5.3,5.0
877,5.3,4.8
878,5.3,5.1
879,5.3,5.6
880,5.3,5.6
881,3.3,4.5
882,3.3,5.0
883,3.3,3.9
884,3.3,4.6
885,3.3,4.9
886,3.8,4.5
887,3.8,4.5
888,3.8,4.5
889,3.8,4.5
890,3.8,5.0
891,3.8,5.0
892,3.8,4.8
893,3.8,4.8
894,3.8,4.8
895,3.8,4.8
896,3.8,4.8
897,3.8,4.8
898,3.8,5.3
899,3.8,5.3
900,3.8,5.3
901,3.8,5.8
902,3.8,4.6
903,3.8,4.6
904,3.8,5.1
905,3.8,5.6
906,3.8,4.4
907,3.8,4.4
908,3.8,4.9
909,3.8,4.9
910,3.8,4.9
911,3.8,5.4
912,3.8,4.2
913,3.8,4.7
914,3.8,4.7
915,3.8,4.7
916,3.8,4.7
917,3.8,4.7
918,3.8,5.2
919,3.8,5.2
920,3.8,5.2
921,3.8,5.2
922,3.8,5.7
923,3.8,4.9
924,4.1,5.0
925,4.1,5.0
926,4.1,4.3
927,4.1,4.3
928,4.1,4.3
929,4.1,4.8
930,4.1,4.8
931,4.1,4.8
932,4.1,5.3
933,4.1,5.3
934,4.1,5.8
935,4.1,5.8
936,4.1,4.6
937,4.1,4.6
938,4.1,6.1
939,4.1,4.9
940,4.1,4.9
941,4.1,4.9
942,4.1,4.9
943,4.1,4.9
944,4.1,4.7
945,4.1,4.7
946,4.1,4.7
947,4.1,4.7
948,4.1,4.7
949,4.1,4.7
950,4.1,5.2
951,4.1,4.8
952,4.6,4.5
953,4.6,5.5
954,4.6,5.5
955,4.6,4.8
956,4.6,5.3
957,4.6,5.3
958,4.6,5.6
959,4.6,5.4
960,4.6,6.2
961,5.6,5.9
962,5.6,5.9
963,5.6,6.1
964,5.6,5.2
965,2.2,4.0
966,2.2,4.5
967,2.2,4.5
968,2.2,4.5
969,2.2,4.5
970,2.2,5.0
971,2.2,5.0
972,2.2,6.0
973,2.2,4.8
974,2.2,4.8
975,2.2,4.6
976,2.2,4.6
977,2.2,4.6
978,2.2,4.6
979,2.2,4.6
980,2.2,5.1
981,2.2,5.1
982,2.2,6.1
983,2.2,4.4
984,2.2,4.4
985,2.2,4.4
986,2.2,4.4
987,2.2,4.9
988,2.2,4.2
989,2.2,4.2
990,2.2,4.7
991,2.2,4.7
992,2.2,4.7
993,2.2,4.7
994,2.7,4.0
995,2.7,4.5
996,2.7,4.5
997,2.7,4.5
998,2.7,4.5
999,2.7,4.5
1000,2.7,5.0
1001,2.7,5.0
1002,2.7,5.0
1003,2.7,4.3
1004,2.7,4.3
1005,2.7,4.3
1006,2.7,4.3
1007,2.7,4.3
1008,2.7,4.3
1009,2.7,4.3
1010,2.7,4.8
1011,2.7,5.8
1012,2.7,4.1
1013,2.7,4.6
1014,2.7,4.6
1015,2.7,4.6
1016,2.7,4.6
1017,2.7,4.6
1018,2.7,4.6
1019,2.7,4.6
1020,2.7,4.6
1021,2.7,5.1
1022,2.7,5.6
1023,2.7,4.4
1024,2.7,4.4
1025,2.7,4.4
1026,2.7,4.4
1027,2.7,4.4
1028,2.7,4.4
1029,2.7,4.9
1030,2.7,5.4
1031,2.7,4.2
1032,2.7,4.2
1033,2.7,4.2
1034,2.7,4.2
1035,2.7,4.2
1036,2.7,4.2
1037,2.7,4.7
1038,2.7,4.7
1039,2.7,4.7
1040,2.7,4.7
1041,2.7,4.7
1042,2.7,6.2
1043,2.7,4.6
1044,5.4,5.0
1045,5.4,5.5
1046,5.4,5.5
1047,5.4,4.8
1048,5.4,5.8
1049,5.4,5.1
1050,5.4,6.9
1051,5.4,5.2
1052,5.4,5.2
1053,5.4,6.2
1054,3.1,4.5
1055,3.1,4.5
1056,3.1,4.5
1057,3.1,4.5
1058,3.1,4.5
1059,3.1,4.5
1060,3.1,4.5
1061,3.1,5.0
1062,3.1,5.0
1063,3.1,5.0
1064,3.1,5.0
1065,3.1,4.3
1066,3.1,4.8
1067,3.1,4.8
1068,3.1,4.8
1069,3.1,5.3
1070,3.1,3.8
1071,3.1,4.1
1072,3.1,4.6
1073,3.1,4.6
1074,3.1,4.6
1075,3.1,4.6
1076,3.1,4.6
1077,3.1,4.6
1078,3.1,4.6
1079,3.1,4.6
1080,3.1,5.1
1081,3.1,3.2
1082,3.1,4.4
1083,3.1,4.4
1084,3.1,4.4
1085,3.1,4.9
1086,3.1,4.9
1087,3.1,4.9
1088,3.1,4.9
1089,3.1,5.4
1090,3.1,3.1
1091,3.1,4.2
1092,3.1,4.2
1093,3.1,4.7
1094,3.1,4.7
1095,3.1,4.7
1096,3.1,4.7
1097,3.1,4.7
1098,3.1,5.2
1099,3.1,5.2
1100,3.1,5.7
1101,3.1,4.3
1102,3.1,4.4
1103,3.6,4.9
1104,3.6,4.7
1105,4.2,5.6
1106,2.8,4.6
1107,2.5,4.5
1108,6.0,5.1
1109,1.0,4.5
1110,1.0,4.1
1111,2.9,4.9
1112,3.9,4.4
1113,3.8,4.6
1114,4.1,4.6
1115,2.7,4.4
1116,3.1,4.3
1117,3.1,4.9
1118,4.5,4.4
1119,2.0,4.3
1120,1.0,4.0
1121,1.0,4.0
1122,1.0,4.0
1123,1.0,5.0
1124,1.0,4.1
1125,1.0,4.1
1126,1.0,4.6
1127,1.0,4.2
1128,3.4,4.8
1129,4.8,4.9
1130,4.6,4.6
1131,5.9,5.8
1132,6.0,4.2
1133,1.0,4.2
1134,3.4,4.5
1135,3.4,4.6
1136,5.3,4.6
1137,2.7,4.6
1138,3.1,4.6
1139,3.1,4.9
1140,3.1,4.2
1141,6.8,5.8
1142,1.0,4.3
1143,4.8,6.8
1144,4.1,4.3
1145,3.7,5.0
1146,3.0,5.3
1147,5.8,5.8
1148,6.3,6.3
1149,6.1,6.3
1150,6.1,6.3
1151,7.9,6.8
1152,8.1,6.8
1153,3.7,5.1
1154,6.3,5.6
1155,4.4,5.6
1156,6.1,6.6
1157,2.6,4.9
1158,2.8,4.9
1159,7.3,6.9
1160,7.3,5.7
1161,6.4,5.7
1162,4.0,6.2
1163,3.7,6.2
1164,5.8,6.7
1165,6.8,7.7
1166,2.0,4.5
1167,2.0,4.5
1168,2.0,5.0
1169,2.0,4.6
1170,2.0,4.6
1171,2.0,4.6
1172,2.0,5.1
1173,2.0,4.4
1174,2.0,4.9
1175,2.0,4.9
1176,2.0,4.9
1177,2.0,5.9
1178,2.0,4.7
1179,2.0,4.7
1180,2.0,5.2
1181,2.0,5.2
1182,2.0,4.3
1183,2.5,4.3
1184,2.5,4.3
1185,2.5,4.6
1186,2.5,4.4
1187,2.5,4.9
1188,2.5,5.9
1189,2.5,6.2
1190,5.0,6.7
1191,6.0,7.3
1192,1.0,4.0
1193,1.0,4.0
1194,1.0,4.0
1195,1.0,4.0
1196,1.0,4.0
1197,1.0,4.5
1198,1.0,4.5
1199,1.0,4.5
1200,1.0,4.5
1201,1.0,4.5
1202,1.0,4.5
1203,1.0,4.5
1204,1.0,4.5
1205,1.0,4.5
1206,1.0,4.5
1207,1.0,4.5
1208,1.0,4.5
1209,1.0,4.5
1210,1.0,4.5
1211,1.0,4.5
1212,1.0,4.5
1213,1.0,4.5
1214,1.0,4.5
1215,1.0,4.5
1216,1.0,4.5
1217,1.0,4.5
1218,1.0,4.5
1219,1.0,5.0
1220,1.0,5.0
1221,1.0,3.9
1222,1.0,4.3
1223,1.0,4.3
1224,1.0,4.3
1225,1.0,4.3
1226,1.0,4.3
1227,1.0,4.3
1228,1.0,4.3
1229,1.0,4.3
1230,1.0,4.3
1231,1.0,4.3
1232,1.0,4.3
1233,1.0,4.3
1234,1.0,4.3
1235,1.0,4.3
1236,1.0,4.3
1237,1.0,4.3
1238,1.0,4.3
1239,1.0,4.3
1240,1.0,4.3
1241,1.0,4.3
1242,1.0,4.3
1243,1.0,4.3
1244,1.0,4.3
1245,1.0,4.3
1246,1.0,4.8
1247,1.0,4.8
1248,1.0,4.8
1249,1.0,4.8
1250,1.0,4.8
1251,1.0,4.8
1252,1.0,4.8
1253,1.0,4.1
1254,1.0,4.1
1255,1.0,4.1
1256,1.0,4.1
1257,1.0,4.1
1258,1.0,4.1
1259,1.0,4.1
1260,1.0,4.1
1261,1.0,4.1
1262,1.0,4.1
1263,1.0,4.1
1264,1.0,4.1
1265,1.0,4.1
1266,1.0,4.1
1267,1.0,4.1
1268,1.0,4.1
1269,1.0,4.1
1270,1.0,4.1
1271,1.0,4.6
1272,1.0,4.6
1273,1.0,4.6
1274,1.0,4.6
1275,1.0,4.6
1276,1.0,4.6
1277,1.0,4.6
1278,1.0,4.6
1279,1.0,4.6
1280,1.0,4.6
1281,1.0,4.6
1282,1.0,4.6
1283,1.0,4.6
1284,1.0,4.6
1285,1.0,4.6
1286,1.0,4.6
1287,1.0,4.6
1288,1.0,4.6
1289,1.0,4.6
1290,1.0,4.6
1291,1.0,5.1
1292,1.0,4.4
1293,1.0,4.4
1294,1.0,4.4
1295,1.0,4.4
1296,1.0,4.4
1297,1.0,4.4
1298,1.0,4.4
1299,1.0,4.4
1300,1.0,4.4
1301,1.0,4.4
1302,1.0,4.4
1303,1.0,4.4
1304,1.0,4.4
1305,1.0,4.4
1306,1.0,4.4
1307,1.0,4.4
1308,1.0,4.4
1309,1.0,4.4
1310,1.0,4.4
1311,1.0,4.4
1312,1.0,4.4
1313,1.0,4.4
1314,1.0,4.4
1315,1.0,4.4
1316,1.0,4.4
1317,1.0,4.4
1318,1.0,4.4
1319,1.0,4.4
1320,1.0,4.9
1321,1.0,4.9
1322,1.0,4.9
1323,1.0,4.9
1324,1.0,4.9
1325,1.0,4.9
1326,1.0,4.9
1327,1.0,5.4
1328,1.0,4.2
1329,1.0,4.2
1330,1.0,4.2
1331,1.0,4.2
1332,1.0,4.2
1333,1.0,4.2
1334,1.0,4.2
1335,1.0,4.2
1336,1.0,4.2
1337,1.0,4.2
1338,1.0,4.2
1339,1.0,4.2
1340,1.0,4.2
1341,1.0,4.7
1342,1.0,4.7
1343,1.0,4.7
1344,1.0,4.7
1345,1.0,4.7
1346,1.0,4.7
1347,1.0,4.7
1348,1.0,4.7
1349,1.0,4.7
1350,1.0,4.7
1351,1.0,4.7
1352,1.0,4.7
1353,1.0,5.2
1354,1.0,5.2
1355,1.0,5.2
1356,2.9,4.8
1357,2.9,6.1
1358,2.9,4.4
1359,3.4,4.5
1360,3.4,5.0
1361,3.4,5.0
1362,3.4,5.0
1363,3.4,5.0
1364,3.4,6.0
1365,3.4,6.0
1366,3.4,4.8
1367,3.4,4.8
1368,3.4,6.3
1369,3.4,5.1
1370,3.4,5.6
1371,3.4,6.1
1372,3.4,4.4
1373,3.4,4.9
1374,3.4,4.9
1375,3.4,5.4
1376,3.4,5.9
1377,3.4,4.2
1378,3.4,4.7
1379,3.4,6.2
1380,3.9,5.0
1381,3.9,5.3
1382,4.3,6.0
1383,4.3,5.3
1384,4.3,5.1
1385,4.3,5.6
1386,4.3,5.6
1387,4.3,5.7
1388,4.8,5.6
1389,5.3,5.5
1390,5.3,5.5
1391,5.3,7.0
1392,5.3,5.1
1393,5.3,6.1
1394,5.3,6.1
1395,3.3,6.0
1396,3.3,4.3
1397,3.3,5.3
1398,3.3,5.6
1399,3.3,5.4
1400,3.8,6.0
1401,3.8,5.8
1402,3.8,4.9
1403,3.8,4.7
1404,3.8,5.2
1405,3.8,5.2
1406,3.8,5.2
1407,4.1,5.5
1408,4.1,5.5
1409,4.1,4.8
1410,4.1,4.8
1411,4.1,4.8
1412,4.1,5.4
1413,4.1,5.4
1414,4.1,5.2
1415,4.1,5.2
1416,4.1,5.2
1417,4.6,5.9
1418,2.2,4.5
1419,2.2,5.0
1420,2.2,5.0
1421,2.2,5.5
1422,2.2,6.0
1423,2.2,4.8
1424,2.2,5.3
1425,2.2,5.8
1426,2.2,4.6
1427,2.2,4.6
1428,2.2,4.4
1429,2.2,4.9
1430,2.2,4.9
1431,2.2,4.9
1432,2.2,4.9
1433,2.2,4.7
1434,2.7,4.5
1435,2.7,5.0
1436,2.7,5.0
1437,2.7,5.5
1438,2.7,6.0
1439,2.7,4.3
1440,2.7,4.3
1441,2.7,4.8
1442,2.7,4.8
1443,2.7,4.8
1444,2.7,4.8
1445,2.7,5.8
1446,2.7,4.6
1447,2.7,4.6
1448,2.7,4.6
1449,2.7,4.6
1450,2.7,4.6
1451,2.7,5.1
1452,2.7,4.4
1453,2.7,4.4
1454,2.7,4.4
1455,2.7,4.9
1456,2.7,4.9
1457,2.7,6.4
1458,2.7,4.7
1459,2.7,4.7
1460,2.7,4.7
1461,2.7,4.4
1462,5.4,6.3
1463,5.4,7.3
1464,5.4,6.1
1465,5.4,6.7
1466,3.1,4.5
1467,3.1,5.0
1468,3.1,5.0
1469,3.1,5.0
1470,3.1,4.8
1471,3.1,4.8
1472,3.1,4.8
1473,3.1,4.8
1474,3.1,5.8
1475,3.1,4.6
1476,3.1,4.6
1477,3.1,4.6
1478,3.1,5.1
1479,3.1,5.4
1480,3.1,5.4
1481,3.1,5.9
1482,3.6,4.8
1483,4.2,5.3
1484,4.2,4.9
1485,4.2,5.7
1486,3.8,4.8
1487,3.1,4.5
1488,3.1,4.4
1489,3.6,4.3
1490,3.6,4.8
1491,2.0,4.0
1492,1.0,4.1
1493,1.0,4.6
1494,4.3,4.4
1495,3.8,4.4
1496,3.1,3.4
1497,3.1,3.8
1498,3.6,3.4
1499,4.2,4.3
1500,4.2,4.4
1501,7.9,5.5
1502,3.4,3.7
1503,3.8,4.2
1504,4.1,3.9
1505,4.1,4.6
1506,2.7,2.7
1507,1.0,4.4
1508,2.9,3.2
1509,3.4,4.8
1510,3.3,4.4
1511,3.8,4.0
1512,4.1,5.0
1513,4.1,4.8
1514,2.7,4.1
1515,3.1,3.4
1516,3.1,4.6
1517,3.1,4.2
1518,4.2,5.5
1519,2.6,4.8
1520,3.7,5.3
1521,5.5,6.1
1522,3.2,4.2
1523,3.7,5.2
1524,2.0,5.0
1525,2.0,4.3
1526,2.0,4.6
1527,2.0,4.6
1528,2.0,5.2
1529,2.5,4.8
1530,2.5,4.8
1531,2.5,4.8
1532,2.5,4.6
1533,2.5,5.1
1534,6.0,5.4
1535,1.0,4.0
1536,1.0,4.0
1537,1.0,4.5
1538,1.0,4.5
1539,1.0,4.5
1540,1.0,4.3
1541,1.0,4.3
1542,1.0,4.3
1543,1.0,4.3
1544,1.0,4.3
1545,1.0,4.8
1546,1.0,4.1
1547,1.0,4.1
1548,1.0,4.1
1549,1.0,4.1
1550,1.0,4.1
1551,1.0,4.6
1552,1.0,4.6
1553,1.0,4.6
1554,1.0,4.4
1555,1.0,4.4
1556,1.0,4.4
1557,1.0,4.4
1558,1.0,4.4
1559,1.0,4.4
1560,1.0,4.2
1561,1.0,4.2
1562,1.0,4.2
1563,2.9,4.7
1564,3.4,4.4
1565,3.4,4.7
1566,3.4,5.2
1567,3.4,5.7
1568,3.4,5.9
1569,4.8,5.3
1570,5.3,6.3
1571,5.3,6.3
1572,5.3,5.9
1573,3.3,5.4
1574,3.3,4.7
1575,3.8,5.8
1576,3.8,5.2
1577,4.1,4.6
1578,4.1,4.7
1579,4.6,4.6
1580,4.6,5.1
1581,5.6,5.5
1582,2.2,4.5
1583,2.2,4.1
1584,2.2,4.4
1585,2.2,4.7
1586,2.7,4.0
1587,2.7,4.5
1588,2.7,4.5
1589,2.7,4.8
1590,2.7,4.8
1591,2.7,4.8
1592,2.7,4.6
1593,2.7,4.6
1594,2.7,4.9
1595,2.7,4.9
1596,2.7,4.2
1597,2.7,4.7
1598,5.4,5.5
1599,3.1,4.5
1600,3.1,4.5
1601,3.1,4.3
1602,3.1,4.3
1603,3.1,4.6
1604,3.1,4.6
1605,3.1,4.9
1606,3.1,4.2
1607,3.1,4.7
1608,3.1,5.2
1609,3.1,5.7
1610,3.6,4.8
1611,4.2,4.5
1612,2.4,4.5
1613,3.7,4.5
1614,8.1,6.0
1615,4.0,6.0
1616,7.3,7.0
1617,2.8,4.8
1618,7.2,5.3
1619,5.8,5.3
1620,9.1,9.1
1621,9.1,7.1
1622,7.8,7.1
1623,0.0,4.4
1624,6.1,4.4
1625,3.5,6.4
1626,3.5,4.7
1627,5.5,5.2
1628,2.0,4.5
1629,2.0,5.5
1630,2.0,4.8
1631,2.0,4.8
1632,2.0,4.6
1633,2.0,4.6
1634,2.0,4.6
1635,2.0,4.6
1636,2.0,4.4
1637,2.0,4.9
1638,5.0,5.5
1639,5.0,5.5
1640,5.0,6.2
1641,6.0,7.1
1642,1.0,4.0
1643,1.0,4.5
1644,1.0,4.5
1645,1.0,4.5
1646,1.0,4.5
1647,1.0,4.5
1648,1.0,4.5
1649,1.0,4.5
1650,1.0,4.5
1651,1.0,4.5
1652,1.0,4.5
1653,1.0,4.5
1654,1.0,4.5
1655,1.0,4.5
1656,1.0,4.5
1657,1.0,5.0
1658,1.0,4.3
1659,1.0,4.3
1660,1.0,4.3
1661,1.0,4.3
1662,1.0,4.8
1663,1.0,4.8
1664,1.0,5.3
1665,1.0,4.1
1666,1.0,4.1
1667,1.0,4.1
1668,1.0,4.1
1669,1.0,4.1
1670,1.0,4.1
1671,1.0,4.6
1672,1.0,4.6
1673,1.0,4.6
1674,1.0,4.6
1675,1.0,4.6
1676,1.0,4.6
1677,1.0,4.6
1678,1.0,4.6
1679,1.0,4.6
1680,1.0,4.6
1681,1.0,4.4
1682,1.0,4.4
1683,1.0,4.4
1684,1.0,4.4
1685,1.0,4.4
1686,1.0,4.9
1687,1.0,4.9
1688,1.0,5.4
1689,1.0,4.2
1690,1.0,4.2
1691,1.0,4.2
1692,1.0,4.2
1693,1.0,4.7
1694,2.9,5.1
1695,2.9,4.7
1696,3.4,5.0
1697,3.4,5.0
1698,3.4,5.0
1699,3.4,4.8
1700,3.4,4.6
1701,3.4,4.6
1702,3.4,5.6
1703,3.4,4.4
1704,3.4,4.9
1705,3.4,5.9
1706,3.4,5.2
1707,4.3,4.9
1708,4.3,4.7
1709,4.8,5.0
1710,4.8,5.3
1711,4.8,5.3
1712,4.8,5.6
1713,4.8,4.4
1714,4.8,6.2
1715,5.3,7.0
1716,3.3,6.1
1717,3.3,4.9
1718,3.8,4.5
1719,3.8,4.5
1720,3.8,5.0
1721,3.8,5.5
1722,3.8,4.8
1723,3.8,4.8
1724,3.8,4.8
1725,3.8,5.1
1726,3.8,4.4
1727,3.8,4.7
1728,4.1,4.8
1729,4.1,4.8
1730,4.1,4.9
1731,4.1,4.7
1732,4.1,5.7
1733,4.1,5.7
1734,4.6,5.0
1735,4.6,5.1
1736,4.6,4.2
1737,4.6,5.2
1738,5.6,5.9
1739,2.2,4.6
1740,2.2,4.6
1741,2.2,4.6
1742,2.2,4.4
1743,2.2,4.4
1744,2.2,4.9
1745,2.2,5.2
1746,2.7,4.5
1747,2.7,4.5
1748,2.7,4.6
1749,2.7,4.6
1750,2.7,4.6
1751,2.7,4.6
1752,2.7,5.1
1753,2.7,5.1
1754,2.7,4.4
1755,2.7,4.4
1756,2.7,4.9
1757,2.7,4.7
1758,2.7,4.7
1759,5.4,5.8
1760,5.4,5.6
1761,5.4,6.1
1762,3.1,4.5
1763,3.1,4.5
1764,3.1,5.0
1765,3.1,4.8
1766,3.1,4.6
1767,3.1,5.1
1768,3.1,5.1
1769,3.1,5.6
1770,3.1,6.1
1771,3.1,4.4
1772,3.1,4.9
1773,3.1,4.9
1774,3.1,4.9
1775,3.1,4.7
1776,3.1,4.7
1777,3.6,5.1
1778,3.6,4.9
1779,4.2,4.5
1780,4.2,5.2
1781,6.2,5.0
1782,5.9,5.1
1783,5.5,4.9
1784,6.9,5.2
1785,8.5,6.2
1786,2.0,4.4
1787,1.0,4.5
1788,1.0,4.5
1789,1.0,4.3
1790,1.0,4.6
1791,1.0,4.6
1792,1.0,4.6
1793,1.0,4.6
1794,1.0,4.2
1795,1.0,4.2
1796,1.0,4.2
1797,3.4,4.6
1798,3.4,5.2
1799,3.9,4.8
1800,4.3,4.6
1801,4.3,5.1
1802,3.8,5.1
1803,4.1,4.7
1804,4.6,5.1
1805,2.2,5.3
1806,2.7,4.6
1807,2.7,4.4
1808,2.7,4.2
1809,3.1,4.8
1810,3.4,5.2
1811,2.8,3.7
1812,2.0,3.8
1813,2.5,4.4
1814,4.1,4.7
1815,4.2,4.1
1816,2.4,4.0
1817,3.0,4.5
1818,3.0,4.5
1819,5.2,4.5
1820,4.0,5.0
1821,6.4,5.5
1822,6.3,4.8
1823,4.5,4.8
1824,6.5,5.3
1825,4.0,4.6
1826,6.1,4.6
1827,6.2,5.1
1828,6.7,5.6
1829,4.0,4.4
1830,2.8,4.4
1831,5.7,5.4
1832,7.5,5.9
1833,7.6,7.9
1834,3.0,4.2
1835,5.5,4.7
1836,4.7,4.7
1837,6.1,5.2
1838,6.2,5.2
1839,5.5,5.2
1840,6.5,5.7
1841,2.0,4.3
1842,2.0,4.6
1843,2.0,4.6
1844,2.0,4.4
1845,2.0,4.4
1846,5.0,4.5
1847,5.0,5.0
1848,5.0,5.0
1849,5.0,5.0
1850,5.0,5.0
1851,5.0,5.0
1852,5.0,5.5
1853,5.0,4.4
1854,5.0,5.4
1855,5.0,4.7
1856,5.0,5.2
1857,6.0,5.5
1858,6.0,4.8
1859,6.0,4.7
1860,1.0,4.5
1861,1.0,4.5
1862,1.0,4.5
1863,1.0,4.5
1864,1.0,4.5
1865,1.0,3.9
1866,1.0,4.3
1867,1.0,4.3
1868,1.0,4.3
1869,1.0,4.3
1870,1.0,4.3
1871,1.0,4.3
1872,1.0,4.3
1873,1.0,4.3
1874,1.0,4.3
1875,1.0,4.3
1876,1.0,4.1
1877,1.0,4.6
1878,1.0,4.6
1879,1.0,4.4
1880,1.0,4.4
1881,1.0,4.4
1882,1.0,4.4
1883,1.0,4.4
1884,1.0,4.4
1885,1.0,4.4
1886,1.0,4.4
1887,1.0,4.4
1888,1.0,4.4
1889,1.0,4.4
1890,1.0,4.2
1891,1.0,4.2
1892,1.0,4.2
1893,1.0,4.2
1894,1.0,4.2
1895,1.0,4.7
1896,1.0,4.7
1897,2.9,4.5
1898,2.9,4.3
1899,2.9,4.8
1900,2.9,4.8
1901,2.9,3.8
1902,2.9,4.6
1903,2.9,4.2
1904,3.4,4.5
1905,3.4,4.5
1906,3.4,4.3
1907,3.4,4.8
1908,3.4,4.8
1909,3.4,4.8
1910,3.4,4.1
1911,3.4,4.6
1912,3.4,4.6
1913,3.4,4.6
1914,3.4,4.6
1915,3.4,4.6
1916,3.4,3.7
1917,3.4,4.4
1918,3.4,4.4
1919,3.4,4.4
1920,3.4,4.4
1921,3.4,4.9
1922,3.4,4.9
1923,3.4,4.2
1924,3.4,4.7
1925,3.4,4.7
1926,3.4,5.2
1927,3.9,4.6
1928,4.3,4.5
1929,4.3,4.5
1930,4.3,4.5
1931,4.3,5.0
1932,4.3,5.0
1933,4.3,4.3
1934,4.3,4.8
1935,4.3,5.8
1936,4.3,4.6
1937,4.3,4.6
1938,4.3,5.1
1939,4.3,5.4
1940,4.3,4.7
1941,4.3,4.7
1942,4.8,5.0
1943,4.8,4.8
1944,4.8,4.6
1945,4.8,4.9
1946,4.8,4.9
1947,4.8,4.2
1948,4.8,4.7
1949,4.8,5.7
1950,5.3,4.5
1951,5.3,5.0
1952,5.3,5.0
1953,5.3,5.0
1954,5.3,5.0
1955,5.3,5.0
1956,5.3,4.8
1957,5.3,4.6
1958,5.3,4.6
1959,5.3,4.7
1960,5.3,5.2
1961,3.3,4.5
1962,3.3,4.6
1963,3.8,4.5
1964,3.8,4.5
1965,3.8,4.3
1966,3.8,4.8
1967,3.8,4.6
1968,3.8,4.6
1969,3.8,4.6
1970,3.8,4.6
1971,3.8,4.4
1972,3.8,4.4
1973,3.8,4.9
1974,3.8,4.9
1975,3.8,4.9
1976,3.8,5.4
1977,3.8,4.7
1978,3.8,4.7
1979,3.8,4.7
1980,4.1,4.0
1981,4.1,4.5
1982,4.1,4.5
1983,4.1,5.0
1984,4.1,4.3
1985,4.1,4.8
1986,4.1,5.1
1987,4.1,4.4
1988,4.1,4.9
1989,4.1,4.7
1990,4.6,4.5
1991,4.6,4.5
1992,4.6,4.8
1993,4.6,4.6
1994,4.6,4.6
1995,4.6,4.6
1996,4.6,5.1
1997,4.6,4.9
1998,5.6,5.0
1999,5.6,5.3
2000,5.6,5.1
2001,5.6,5.1
2002,5.6,4.9
2003,2.2,4.5
2004,2.2,4.3
2005,2.2,4.3
2006,2.2,4.3
2007,2.2,4.1
2008,2.2,4.1
2009,2.2,4.6
2010,2.2,4.6
2011,2.2,3.2
2012,2.2,4.4
2013,2.2,4.9
2014,2.2,4.2
2015,2.2,4.7
2016,2.2,4.4
2017,2.7,4.5
2018,2.7,4.5
2019,2.7,4.5
2020,2.7,4.5
2021,2.7,4.5
2022,2.7,5.0
2023,2.7,5.0
2024,2.7,3.4
2025,2.7,3.9
2026,2.7,4.3
2027,2.7,4.3
2028,2.7,4.1
2029,2.7,4.6
2030,2.7,4.6
2031,2.7,4.6
2032,2.7,4.6
2033,2.7,4.4
2034,2.7,4.4
2035,2.7,4.4
2036,2.7,4.4
2037,2.7,4.4
2038,2.7,4.4
2039,2.7,4.9
2040,2.7,4.2
2041,2.7,4.2
2042,2.7,4.2
2043,2.7,4.2
2044,2.7,4.7
2045,2.7,4.7
2046,5.4,5.0
2047,5.4,5.0
2048,5.4,5.0
2049,5.4,5.0
2050,5.4,5.3
2051,5.4,5.3
2052,5.4,4.4
2053,5.4,4.9
2054,5.4,4.9
2055,5.4,5.4
2056,5.4,4.7
2057,5.4,4.7
2058,5.4,4.7
2059,3.1,4.5
2060,3.1,4.5
2061,3.1,4.5
2062,3.1,4.5
2063,3.1,4.5
2064,3.1,4.5
2065,3.1,5.0
2066,3.1,4.3
2067,3.1,4.3
2068,3.1,4.3
2069,3.1,4.3
2070,3.1,4.3
2071,3.1,4.3
2072,3.1,4.3
2073,3.1,4.8
2074,3.1,4.8
2075,3.1,4.1
2076,3.1,4.1
2077,3.1,4.6
2078,3.1,4.6
2079,3.1,4.6
2080,3.1,4.6
2081,3.1,4.6
2082,3.1,4.4
2083,3.1,4.4
2084,3.1,4.4
2085,3.1,4.4
2086,3.1,4.4
2087,3.1,4.4
2088,3.1,4.9
2089,3.1,4.9
2090,3.1,4.2
2091,3.1,4.2
2092,3.1,4.2
2093,3.1,4.2
2094,3.1,4.7
2095,3.1,5.7
2096,3.6,4.5
2097,3.6,5.5
2098,3.6,4.7
2099,4.2,4.5
2100,4.2,4.3
2101,4.2,4.6
2102,4.2,4.6
2103,7.9,6.6
2104,2.0,4.4
2105,1.0,4.5
2106,1.0,4.8
2107,1.0,4.6
2108,1.0,4.6
2109,1.0,4.9
2110,1.0,4.2
2111,3.4,4.6
2112,4.3,5.4
2113,4.8,4.3
2114,4.1,5.7
2115,4.6,4.4
2116,2.2,4.5
2117,2.2,5.1
2118,3.1,4.4
2119,3.2,4.5
2120,6.1,5.1
2121,6.3,5.4
2122,6.0,4.5
2123,6.0,5.1
2124,1.0,4.3
2125,1.0,4.4
2126,1.0,4.2
2127,3.4,4.5
2128,3.4,4.5
2129,3.4,4.6
2130,3.4,4.6
2131,4.3,4.8
2132,4.3,4.6
2133,4.3,4.7
2134,4.8,4.1
2135,4.8,4.6
2136,4.8,4.6
2137,4.8,4.7
2138,5.3,4.9
2139,5.3,4.9
2140,5.3,4.9
2141,3.8,4.5
2142,3.8,4.5
2143,3.8,4.8
2144,3.8,4.7
2145,4.1,4.3
2146,4.1,4.6
2147,4.1,4.6
2148,4.6,5.0
2149,4.6,4.8
2150,4.6,4.4
2151,4.6,4.7
2152,2.7,4.2
2153,3.1,4.5
2154,3.1,4.5
2155,3.1,3.8
2156,3.1,4.6
2157,5.7,5.7
2158,3.4,4.6
2159,3.4,4.7
2160,3.1,4.9
2161,2.6,4.8
2162,6.8,5.2
2163,2.5,4.3
2164,6.0,5.8
2165,1.0,4.6
2166,3.4,4.4
2167,3.9,4.6
2168,5.3,5.5
2169,5.3,5.1
2170,3.8,4.7
2171,4.6,4.2
2172,2.2,4.5
2173,2.2,4.5
2174,2.2,4.4
2175,2.7,4.5
2176,3.1,4.5
2177,3.1,4.3
2178,3.1,4.4
2179,3.1,4.4
2180,3.6,4.7
2181,7.5,6.2
2182,1.0,4.3
2183,3.4,4.6
2184,2.6,4.5
2185,8.1,5.0
2186,0.0,5.0
2187,3.7,5.0
2188,3.7,5.5
2189,7.7,6.0
2190,4.9,4.3
2191,0.0,4.3
2192,3.2,4.8
2193,5.7,5.3
2194,3.5,5.3
2195,3.0,5.8
2196,7.7,5.1
2197,5.1,5.1
2198,2.4,5.1
2199,3.5,6.1
2200,8.1,6.6
2201,2.6,4.9
2202,2.8,4.9
2203,0.0,5.4
2204,6.4,5.9
2205,6.3,6.9
2206,5.8,5.2
2207,3.7,5.2
2208,3.2,5.7
2209,5.2,6.2
2210,4.5,7.2
2211,6.4,6.2
2212,2.0,4.0
2213,2.0,5.0
2214,2.0,5.3
2215,2.0,5.3
2216,2.0,4.6
2217,2.0,5.1
2218,2.0,5.6
2219,2.0,4.4
2220,2.0,4.4
2221,2.0,4.9
2222,2.0,4.9
2223,2.0,4.9
2224,2.0,4.9
2225,2.0,4.3
2226,2.5,5.5
2227,2.5,4.6
2228,2.5,4.9
2229,2.5,4.7
2230,5.0,6.1
2231,5.0,4.9
2232,5.0,5.9
2233,5.0,6.2
2234,1.0,4.0
2235,1.0,4.0
2236,1.0,4.0
2237,1.0,4.0
2238,1.0,4.0
2239,1.0,4.0
2240,1.0,4.0
2241,1.0,4.0
2242,1.0,4.0
2243,1.0,4.0
2244,1.0,4.0
2245,1.0,4.0
2246,1.0,4.0
2247,1.0,4.5
2248,1.0,4.5
2249,1.0,4.5
2250,1.0,4.5
2251,1.0,4.5
2252,1.0,4.5
2253,1.0,4.5
2254,1.0,4.5
2255,1.0,4.5
2256,1.0,4.5
2257,1.0,4.5
2258,1.0,4.5
2259,1.0,4.5
2260,1.0,4.5
2261,1.0,4.5
2262,1.0,4.5
2263,1.0,4.5
2264,1.0,4.5
2265,1.0,4.5
2266,1.0,4.5
2267,1.0,4.5
2268,1.0,4.5
2269,1.0,4.5
2270,1.0,4.5
2271,1.0,5.0
2272,1.0,5.0
2273,1.0,5.0
2274,1.0,5.0
2275,1.0,5.0
2276,1.0,5.0
2277,1.0,5.0
2278,1.0,5.0
2279,1.0,5.0
2280,1.0,5.0
2281,1.0,4.3
2282,1.0,4.3
2283,1.0,4.3
2284,1.0,4.3
2285,1.0,4.3
2286,1.0,4.3
2287,1.0,4.3
2288,1.0,4.3
2289,1.0,4.3
2290,1.0,4.3
2291,1.0,4.3
2292,1.0,4.3
2293,1.0,4.3
2294,1.0,4.3
2295,1.0,4.3
2296,1.0,4.3
2297,1.0,4.3
2298,1.0,4.3
2299,1.0,4.3
2300,1.0,4.3
2301,1.0,4.3
2302,1.0,4.3
2303,1.0,4.3
2304,1.0,4.3
2305,1.0,4.3
2306,1.0,4.3
2307,1.0,4.8
2308,1.0,4.8
2309,1.0,4.8
2310,1.0,4.8
2311,1.0,4.8
2312,1.0,4.8
2313,1.0,4.8
2314,1.0,4.8
2315,1.0,4.8
2316,1.0,4.8
2317,1.0,4.8
2318,1.0,4.8
2319,1.0,5.3
2320,1.0,5.3
2321,1.0,5.3
2322,1.0,5.3
2323,1.0,4.1
2324,1.0,4.1
2325,1.0,4.1
2326,1.0,4.1
2327,1.0,4.1
2328,1.0,4.1
2329,1.0,4.1
2330,1.0,4.1
2331,1.0,4.1
2332,1.0,4.1
2333,1.0,4.1
2334,1.0,4.1
2335,1.0,4.1
2336,1.0,4.1
2337,1.0,4.1
2338,1.0,4.1
2339,1.0,4.1
2340,1.0,4.1
2341,1.0,4.1
2342,1.0,4.1
2343,1.0,4.1
2344,1.0,4.1
2345,1.0,4.1
2346,1.0,4.1
2347,1.0,4.1
2348,1.0,4.6
2349,1.0,4.6
2350,1.0,4.6
2351,1.0,4.6
2352,1.0,4.6
2353,1.0,4.6
2354,1.0,4.6
2355,1.0,4.6
2356,1.0,4.6
2357,1.0,4.6
2358,1.0,4.6
2359,1.0,4.6
2360,1.0,4.6
2361,1.0,4.6
2362,1.0,4.6
2363,1.0,4.6
2364,1.0,4.6
2365,1.0,4.6
2366,1.0,4.6
2367,1.0,4.6
2368,1.0,4.6
2369,1.0,4.6
2370,1.0,4.6
2371,1.0,4.6
2372,1.0,5.1
2373,1.0,5.1
2374,1.0,5.1
2375,1.0,4.4
2376,1.0,4.4
2377,1.0,4.4
2378,1.0,4.4
2379,1.0,4.4
2380,1.0,4.4
2381,1.0,4.4
2382,1.0,4.4
2383,1.0,4.4
2384,1.0,4.4
2385,1.0,4.4
2386,1.0,4.4
2387,1.0,4.4
2388,1.0,4.4
2389,1.0,4.4
2390,1.0,4.4
2391,1.0,4.4
2392,1.0,4.4
2393,1.0,4.4
2394,1.0,4.4
2395,1.0,4.4
2396,1.0,4.4
2397,1.0,4.4
2398,1.0,4.4
2399,1.0,4.4
2400,1.0,4.4
2401,1.0,4.4
2402,1.0,4.4
2403,1.0,4.4
2404,1.0,4.4
2405,1.0,4.9
2406,1.0,4.9
2407,1.0,4.9
2408,1.0,4.9
2409,1.0,4.9
2410,1.0,4.9
2411,1.0,4.9
2412,1.0,4.9
2413,1.0,5.4
2414,1.0,4.2
2415,1.0,4.2
2416,1.0,4.2
2417,1.0,4.2
2418,1.0,4.2
2419,1.0,4.2
2420,1.0,4.2
2421,1.0,4.2
2422,1.0,4.2
2423,1.0,4.2
2424,1.0,4.2
2425,1.0,4.2
2426,1.0,4.2
2427,1.0,4.2
2428,1.0,4.2
2429,1.0,4.2
2430,1.0,4.2
2431,1.0,4.2
2432,1.0,4.2
2433,1.0,4.2
2434,1.0,4.2
2435,1.0,4.2
2436,1.0,4.2
2437,1.0,4.2
2438,1.0,4.2
2439,1.0,4.2
2440,1.0,4.2
2441,1.0,4.7
2442,1.0,4.7
2443,1.0,4.7
2444,1.0,4.7
2445,1.0,4.7
2446,1.0,4.7
2447,1.0,4.7
2448,1.0,4.7
2449,1.0,4.7
2450,1.0,4.7
2451,1.0,4.7
2452,1.0,4.7
2453,1.0,4.7
2454,1.0,4.7
2455,1.0,4.7
2456,1.0,4.7
2457,1.0,4.7
2458,1.0,4.7
2459,1.0,4.7
2460,1.0,4.7
2461,1.0,4.7
2462,1.0,4.7
2463,1.0,4.7
2464,1.0,4.7
2465,1.0,4.7
2466,1.0,4.7
2467,1.0,4.7
2468,1.0,4.7
2469,1.0,5.2
2470,1.0,5.2
2471,2.9,5.0
2472,2.9,5.0
2473,2.9,5.5
2474,2.9,4.9
2475,2.9,4.9
2476,2.9,5.4
2477,3.4,4.5
2478,3.4,5.0
2479,3.4,5.0
2480,3.4,4.8
2481,3.4,4.8
2482,3.4,5.3
2483,3.4,4.6
2484,3.4,4.6
2485,3.4,4.6
2486,3.4,5.1
2487,3.4,5.1
2488,3.4,6.1
2489,3.4,6.1
2490,3.4,4.9
2491,3.4,5.9
2492,3.4,4.2
2493,3.4,4.7
2494,3.4,4.6
2495,3.9,4.4
2496,3.9,4.9
2497,3.9,5.4
2498,3.9,4.7
2499,4.3,5.0
2500,4.3,5.0
2501,4.3,5.5
2502,4.3,5.6
2503,4.3,6.1
2504,4.3,5.9
2505,4.3,5.2
2506,4.8,7.0
2507,4.8,6.9
2508,5.3,6.7
2509,3.3,4.9
2510,3.3,4.9
2511,3.8,5.5
2512,3.8,5.5
2513,3.8,3.9
2514,3.8,4.8
2515,3.8,5.3
2516,3.8,5.3
2517,3.8,5.3
2518,3.8,5.3
2519,3.8,4.4
2520,3.8,4.9
2521,3.8,4.9
2522,3.8,6.4
2523,3.8,5.2
2524,3.8,5.2
2525,3.8,5.7
2526,3.8,6.0
2527,4.1,4.5
2528,4.1,4.5
2529,4.1,5.0
2530,4.1,4.8
2531,4.1,5.1
2532,4.1,5.6
2533,4.1,4.9
2534,4.1,4.9
2535,4.1,5.4
2536,4.1,5.9
2537,4.6,4.5
2538,4.6,5.0
2539,5.6,5.4
2540,2.2,4.5
2541,2.2,5.0
2542,2.2,4.3
2543,2.2,4.3
2544,2.2,4.8
2545,2.2,4.6
2546,2.2,4.6
2547,2.2,4.6
2548,2.2,5.1
2549,2.2,5.6
2550,2.2,4.4
2551,2.2,4.9
2552,2.2,4.7
2553,2.2,4.7
2554,2.2,4.7
2555,2.2,5.2
2556,2.7,4.5
2557,2.7,4.5
2558,2.7,4.5
2559,2.7,5.0
2560,2.7,5.0
2561,2.7,5.0
2562,2.7,6.0
2563,2.7,4.8
2564,2.7,4.8
2565,2.7,4.6
2566,2.7,4.4
2567,2.7,4.9
2568,2.7,4.9
2569,2.7,4.9
2570,2.7,4.9
2571,2.7,4.9
2572,2.7,4.7
2573,2.7,5.2
2574,2.7,5.2
2575,2.7,5.7
2576,2.7,5.0
2577,2.7,5.0
2578,5.4,5.5
2579,5.4,5.2
2580,3.1,4.5
2581,3.1,5.0
2582,3.1,5.0
2583,3.1,5.5
2584,3.1,4.3
2585,3.1,4.3
2586,3.1,4.8
2587,3.1,5.3
2588,3.1,4.6
2589,3.1,4.6
2590,3.1,4.6
2591,3.1,4.6
2592,3.1,5.1
2593,3.1,5.6
2594,3.1,4.4
2595,3.1,4.9
2596,3.1,4.9
2597,3.1,4.9
2598,3.1,4.9
2599,3.1,5.4
2600,3.1,5.2
2601,3.1,5.2
2602,3.1,5.0
2603,3.1,5.6
2604,3.1,5.2
2605,3.6,5.5
2606,3.6,5.5
2607,3.6,4.8
2608,3.6,5.1
2609,3.6,4.7
2610,3.6,6.2
2611,4.2,4.6
2612,4.2,5.2
2613,4.5,4.5
2614,6.8,5.3
2615,7.4,5.1
2616,5.2,6.1
2617,6.1,4.9
2618,6.6,4.9
2619,7.4,6.7
2620,7.2,5.6
2621,1.0,4.0
2622,1.0,4.3
2623,1.0,4.1
2624,1.0,4.6
2625,1.0,4.4
2626,1.0,4.2
2627,1.0,4.9
2628,3.4,4.6
2629,3.4,4.8
2630,2.2,4.6
2631,2.7,4.9
2632,5.4,5.2
2633,3.1,4.8
2634,6.3,4.7
2635,1.0,4.2
2636,2.9,4.6
2637,3.4,3.8
2638,3.9,4.4
2639,5.3,4.8
2640,3.8,4.7
2641,4.1,4.6
2642,4.1,4.4
2643,2.2,4.2
2644,2.7,4.3
2645,5.4,6.0
2646,5.4,4.3
2647,3.1,4.3
2648,4.2,4.5
2649,6.3,6.0
2650,9.1,7.0
2651,5.2,4.7
2652,5.8,5.2
2653,7.9,6.2
2654,2.0,4.5
2655,2.0,4.5
2656,2.0,4.7
2657,5.0,5.3
2658,1.0,4.5
2659,1.0,4.5
2660,1.0,4.5
2661,1.0,4.5
2662,1.0,4.5
2663,1.0,4.5
2664,1.0,4.5
2665,1.0,4.5
2666,1.0,4.5
2667,1.0,4.3
2668,1.0,4.3
2669,1.0,4.3
2670,1.0,4.3
2671,1.0,4.3
2672,1.0,4.3
2673,1.0,4.3
2674,1.0,4.3
2675,1.0,4.3
2676,1.0,4.8
2677,1.0,4.8
2678,1.0,5.3
2679,1.0,5.3
2680,1.0,4.1
2681,1.0,4.1
2682,1.0,4.6
2683,1.0,4.6
2684,1.0,4.6
2685,1.0,4.6
2686,1.0,4.6
2687,1.0,4.4
2688,1.0,4.4
2689,1.0,4.4
2690,1.0,4.4
2691,1.0,4.4
2692,1.0,4.4
2693,1.0,4.2
2694,1.0,4.2
2695,1.0,4.2
2696,1.0,4.2
2697,1.0,4.7
2698,1.0,4.7
2699,1.0,4.7
2700,1.0,4.7
2701,3.4,4.5
2702,3.4,4.3
2703,3.4,4.3
2704,3.4,4.6
2705,3.4,5.7
2706,3.9,4.4
2707,4.3,4.6
2708,4.3,5.4
2709,3.3,4.4
2710,3.8,4.6
2711,3.8,5.1
2712,3.8,4.7
2713,4.1,4.8
2714,4.1,4.9
2715,4.1,4.9
2716,4.6,4.8
2717,4.6,4.6
2718,4.6,5.4
2719,5.6,4.9
2720,2.2,3.5
2721,2.7,4.6
2722,3.1,4.5
2723,3.1,4.5
2724,3.1,4.5
2725,3.1,5.5
2726,3.1,4.8
2727,3.1,4.8
2728,3.1,4.4
2729,4.2,5.5
2730,4.2,4.6
2731,2.0,4.6
2732,6.0,6.2
2733,1.0,4.0
2734,1.0,4.0
2735,1.0,4.5
2736,1.0,4.3
2737,1.0,4.3
2738,1.0,4.6
2739,1.0,4.6
2740,1.0,4.6
2741,1.0,5.1
2742,1.0,4.4
2743,1.0,4.4
2744,1.0,4.4
2745,1.0,4.4
2746,1.0,4.9
2747,1.0,4.2
2748,1.0,4.2
2749,1.0,4.7
2750,3.4,4.8
2751,3.4,5.3
2752,3.4,5.1
2753,3.4,5.1
2754,3.4,4.9
2755,3.9,5.6
2756,4.8,5.8
2757,4.8,5.4
2758,5.3,5.8
2759,3.8,5.0
2760,3.8,5.1
2761,3.8,5.1
2762,3.8,5.2
2763,4.1,5.3
2764,4.1,5.6
2765,4.1,5.2
2766,4.6,4.4
2767,5.6,5.4
2768,5.4,5.7
2769,3.1,4.8
2770,3.1,5.8
2771,3.1,4.6
2772,3.1,5.2
2773,3.1,4.8
2774,2.0,4.5
2775,1.0,4.3
2776,1.0,4.8
2777,1.0,4.6
2778,1.0,4.9
2779,1.0,4.2
2780,1.0,4.2
2781,3.8,5.9
2782,4.1,5.7
2783,7.0,6.0
2784,3.5,5.8
2785,2.8,6.3
2786,3.7,5.1
2787,7.0,6.2
2788,2.0,4.5
2789,2.0,4.5
2790,2.0,5.5
2791,2.0,4.3
2792,2.0,4.8
2793,2.0,4.1
2794,2.0,5.6
2795,2.0,4.9
2796,2.0,5.4
2797,2.0,4.2
2798,5.0,5.9
2799,6.0,5.9
2800,1.0,4.0
2801,1.0,4.0
2802,1.0,4.0
2803,1.0,4.0
2804,1.0,4.0
2805,1.0,4.0
2806,1.0,4.0
2807,1.0,4.0
2808,1.0,4.0
2809,1.0,4.0
2810,1.0,4.0
2811,1.0,4.5
2812,1.0,4.5
2813,1.0,4.5
2814,1.0,4.5
2815,1.0,4.5
2816,1.0,4.5
2817,1.0,4.5
2818,1.0,4.5
2819,1.0,5.0
2820,1.0,5.5
2821,1.0,4.3
2822,1.0,4.3
2823,1.0,4.3
2824,1.0,4.3
2825,1.0,4.3
2826,1.0,4.3
2827,1.0,4.3
2828,1.0,4.3
2829,1.0,4.3
2830,1.0,4.8
2831,1.0,4.8
2832,1.0,4.8
2833,1.0,4.1
2834,1.0,4.1
2835,1.0,4.1
2836,1.0,4.1
2837,1.0,4.1
2838,1.0,4.1
2839,1.0,4.1
2840,1.0,4.1
2841,1.0,4.1
2842,1.0,4.1
2843,1.0,4.1
2844,1.0,4.1
2845,1.0,4.6
2846,1.0,4.6
2847,1.0,4.6
2848,1.0,4.6
2849,1.0,4.6
2850,1.0,4.6
2851,1.0,4.6
2852,1.0,4.6
2853,1.0,4.4
2854,1.0,4.4
2855,1.0,4.4
2856,1.0,4.4
2857,1.0,4.4
2858,1.0,4.4
2859,1.0,4.9
2860,1.0,5.4
2861,1.0,4.2
2862,1.0,4.2
2863,1.0,4.2
2864,1.0,4.2
2865,1.0,4.2
2866,1.0,4.2
2867,1.0,4.2
2868,1.0,4.2
2869,1.0,4.2
2870,1.0,4.2
2871,1.0,4.7
2872,1.0,4.7
2873,1.0,4.7
2874,1.0,4.7
2875,1.0,5.6
2876,1.0,5.4
2877,3.4,4.8
2878,3.4,4.8
2879,3.4,4.6
2880,3.4,4.6
2881,3.4,6.1
2882,3.4,4.9
2883,5.3,6.5
2884,5.3,7.1
2885,3.8,4.5
2886,3.8,5.5
2887,3.8,4.8
2888,3.8,4.1
2889,4.1,5.5
2890,4.1,4.9
2891,4.1,4.7
2892,2.2,4.5
2893,2.2,4.5
2894,2.2,4.3
2895,2.2,3.3
2896,2.2,4.9
2897,2.2,4.2
2898,2.2,4.2
2899,2.2,5.7
2900,2.7,6.1
2901,3.1,4.5
2902,3.1,4.3
2903,3.1,4.3
2904,3.1,5.3
2905,3.1,4.1
2906,3.1,5.6
2907,3.1,4.9
2908,3.1,6.4
2909,3.1,5.1
2910,5.1,6.8
2911,5.8,4.4
2912,6.1,5.2
2913,2.0,4.5
2914,2.0,4.4
2915,2.0,4.4
2916,5.0,4.9
2917,5.0,4.9
2918,1.0,4.0
2919,1.0,4.0
2920,1.0,4.0
2921,1.0,4.5
2922,1.0,4.3
2923,1.0,4.3
2924,1.0,4.1
2925,1.0,4.1
2926,1.0,4.6
2927,1.0,4.6
2928,1.0,4.4
2929,1.0,4.4
2930,1.0,4.4
2931,1.0,4.2
2932,1.0,4.2
2933,1.0,4.2
2934,1.0,4.2
2935,1.0,4.2
2936,3.4,4.8
2937,3.4,5.4
2938,4.3,5.0
2939,4.8,5.9
2940,4.1,4.9
2941,2.2,4.5
2942,2.2,4.3
2943,2.7,4.0
2944,2.7,4.4
2945,2.7,5.7
2946,2.7,4.5
2947,5.4,5.3
2948,3.1,4.5
2949,3.1,5.9
2950,3.1,4.7
2951,3.1,4.7
2952,7.0,6.4
2953,4.1,5.8
2954,4.9,4.5
2955,3.7,5.0
2956,5.2,5.5
2957,5.7,5.5
2958,6.8,6.0
2959,5.2,6.0
2960,5.8,6.5
2961,5.5,5.3
2962,7.1,6.3
2963,8.5,7.3
2964,2.1,4.6
2965,4.9,4.6
2966,4.0,4.6
2967,5.9,5.1
2968,5.2,5.1
2969,7.3,5.1
2970,7.1,6.6
2971,6.8,5.4
2972,7.1,5.4
2973,7.3,5.9
2974,5.5,5.9
2975,8.6,6.9
2976,4.9,5.2
2977,5.2,5.7
2978,2.0,4.5
2979,2.0,4.5
2980,2.0,4.5
2981,2.0,4.5
2982,2.0,4.5
2983,2.0,4.3
2984,2.0,4.3
2985,2.0,5.3
2986,2.0,4.6
2987,2.0,4.6
2988,2.0,4.6
2989,2.0,4.6
2990,2.0,4.6
2991,2.0,4.6
2992,2.0,4.6
2993,2.0,4.6
2994,2.0,5.1
2995,2.0,4.4
2996,2.0,4.4
2997,2.0,4.9
2998,2.0,4.9
2999,2.0,4.9
3000,2.0,5.4
3001,2.0,5.4
3002,2.0,4.7
3003,2.0,5.7
3004,2.5,4.8
3005,5.0,5.5
3006,5.0,5.4
3007,5.0,5.2
3008,5.0,5.7
3009,6.0,5.5
3010,6.0,5.1
3011,6.0,5.6
3012,1.0,4.0
3013,1.0,4.0
3014,1.0,4.5
3015,1.0,4.5
3016,1.0,4.5
3017,1.0,4.5
3018,1.0,4.5
3019,1.0,4.5
3020,1.0,4.5
3021,1.0,4.5
3022,1.0,4.5
3023,1.0,4.5
3024,1.0,4.5
3025,1.0,4.5
3026,1.0,4.5
3027,1.0,4.3
3028,1.0,4.3
3029,1.0,4.3
3030,1.0,4.3
3031,1.0,4.3
3032,1.0,4.3
3033,1.0,4.3
3034,1.0,4.3
3035,1.0,4.3
3036,1.0,4.3
3037,1.0,4.3
3038,1.0,4.8
3039,1.0,4.8
3040,1.0,4.8
3041,1.0,4.1
3042,1.0,4.1
3043,1.0,4.1
3044,1.0,4.1
3045,1.0,4.1
3046,1.0,4.6
3047,1.0,4.6
3048,1.0,4.6
3049,1.0,4.6
3050,1.0,4.6
3051,1.0,4.6
3052,1.0,4.6
3053,1.0,4.6
3054,1.0,4.6
3055,1.0,4.4
3056,1.0,4.4
3057,1.0,4.4
3058,1.0,4.4
3059,1.0,4.4
3060,1.0,4.4
3061,1.0,4.4
3062,1.0,4.4
3063,1.0,4.4
3064,1.0,4.4
3065,1.0,4.4
3066,1.0,4.4
3067,1.0,4.4
3068,1.0,4.4
3069,1.0,4.4
3070,1.0,4.4
3071,1.0,4.4
3072,1.0,4.4
3073,1.0,4.4
3074,1.0,4.2
3075,1.0,4.2
3076,1.0,4.2
3077,1.0,4.2
3078,1.0,4.2
3079,1.0,4.2
3080,1.0,4.2
3081,1.0,4.2
3082,1.0,4.2
3083,1.0,4.2
3084,1.0,4.7
3085,1.0,4.7
3086,1.0,4.7
3087,1.0,4.7
3088,1.0,4.7
3089,1.0,4.7
3090,1.0,4.7
3091,1.0,4.7
3092,1.0,4.7
3093,1.0,4.7
3094,3.4,4.5
3095,3.4,4.5
3096,3.4,5.0
3097,3.4,5.0
3098,3.4,5.0
3099,3.4,5.3
3100,3.4,5.3
3101,3.4,4.6
3102,3.4,4.6
3103,3.4,5.1
3104,3.4,5.1
3105,3.4,5.1
3106,3.4,5.1
3107,3.4,4.9
3108,3.4,4.9
3109,3.4,4.9
3110,3.4,4.9
3111,3.4,5.9
3112,3.4,4.2
3113,3.4,4.7
3114,3.4,4.7
3115,3.4,4.7
3116,3.4,5.2
3117,3.4,5.2
3118,3.4,5.7
3119,3.9,5.2
3120,4.3,5.3
3121,4.3,5.3
3122,4.3,5.8
3123,4.3,5.1
3124,4.3,5.6
3125,4.3,5.6
3126,4.3,5.6
3127,4.3,6.1
3128,4.3,4.9
3129,4.3,5.4
3130,4.3,5.2
3131,4.8,5.0
3132,4.8,4.8
3133,4.8,5.3
3134,4.8,5.6
3135,4.8,6.1
3136,4.8,4.9
3137,4.8,5.2
3138,4.8,5.2
3139,5.3,5.0
3140,5.3,6.5
3141,5.3,5.1
3142,5.3,5.1
3143,5.3,5.6
3144,5.3,5.6
3145,5.3,4.7
3146,5.3,5.2
3147,3.3,4.8
3148,3.3,4.6
3149,3.3,4.6
3150,3.3,5.1
3151,3.8,5.0
3152,3.8,5.0
3153,3.8,5.0
3154,3.8,5.0
3155,3.8,5.0
3156,3.8,5.5
3157,3.8,5.5
3158,3.8,5.5
3159,3.8,4.3
3160,3.8,4.8
3161,3.8,4.8
3162,3.8,4.8
3163,3.8,5.3
3164,3.8,4.6
3165,3.8,4.6
3166,3.8,6.1
3167,3.8,4.9
3168,3.8,4.9
3169,3.8,4.9
3170,3.8,5.9
3171,3.8,4.7
3172,3.8,4.7
3173,3.8,4.7
3174,3.8,5.2
3175,4.1,5.0
3176,4.1,5.5
3177,4.1,5.3
3178,4.1,5.3
3179,4.1,5.8
3180,4.1,5.1
3181,4.1,4.9
3182,4.1,5.4
3183,4.1,5.4
3184,4.1,5.2
3185,4.1,5.2
3186,4.1,5.2
3187,4.1,5.2
3188,4.6,4.8
3189,4.6,5.1
3190,4.6,5.4
3191,4.6,5.9
3192,4.6,5.2
3193,4.6,5.2
3194,4.6,5.2
3195,5.6,5.8
3196,5.6,5.6
3197,5.6,5.2
3198,2.2,4.5
3199,2.2,5.0
3200,2.2,4.8
3201,2.2,5.3
3202,2.2,4.6
3203,2.2,4.6
3204,2.2,4.6
3205,2.2,4.6
3206,2.2,4.6
3207,2.2,4.6
3208,2.2,4.6
3209,2.2,4.6
3210,2.2,4.4
3211,2.2,4.4
3212,2.2,4.9
3213,2.2,4.9
3214,2.2,4.9
3215,2.2,4.7
3216,2.2,4.7
3217,2.2,4.7
3218,2.2,4.7
3219,2.2,4.7
3220,2.7,4.5
3221,2.7,4.5
3222,2.7,4.5
3223,2.7,4.5
3224,2.7,4.5
3225,2.7,5.0
3226,2.7,5.0
3227,2.7,5.0
3228,2.7,4.3
3229,2.7,4.3
3230,2.7,4.8
3231,2.7,4.8
3232,2.7,4.8
3233,2.7,4.8
3234,2.7,4.8
3235,2.7,4.8
3236,2.7,4.8
3237,2.7,4.8
3238,2.7,6.3
3239,2.7,4.6
3240,2.7,4.6
3241,2.7,4.6
3242,2.7,4.6
3243,2.7,5.1
3244,2.7,5.1
3245,2.7,5.1
3246,2.7,5.1
3247,2.7,5.1
3248,2.7,4.4
3249,2.7,4.4
3250,2.7,4.4
3251,2.7,4.4
3252,2.7,4.4
3253,2.7,4.4
3254,2.7,4.4
3255,2.7,4.9
3256,2.7,4.9
3257,2.7,4.9
3258,2.7,4.9
3259,2.7,4.2
3260,2.7,4.7
3261,2.7,4.7
3262,5.4,6.3
3263,5.4,5.9
3264,5.4,5.7
3265,5.4,5.7
3266,5.4,6.2
3267,3.1,4.5
3268,3.1,4.5
3269,3.1,4.5
3270,3.1,5.0
3271,3.1,5.0
3272,3.1,4.3
3273,3.1,4.3
3274,3.1,4.8
3275,3.1,4.8
3276,3.1,4.6
3277,3.1,4.6
3278,3.1,4.6
3279,3.1,4.6
3280,3.1,4.6
3281,3.1,5.1
3282,3.1,5.1
3283,3.1,6.1
3284,3.1,5.4
3285,3.1,5.4
3286,3.1,4.7
3287,3.1,4.7
3288,3.1,5.2
3289,3.6,6.0
3290,3.6,4.8
3291,3.6,5.3
3292,3.6,5.3
3293,3.6,4.9
3294,4.2,5.0
3295,3.4,4.6
3296,3.4,5.1
3297,6.7,6.0
3298,6.4,5.3
3299,2.0,5.1
3300,2.0,4.9
3301,2.0,4.7
3302,5.0,6.2
3303,1.0,4.0
3304,1.0,4.0
3305,1.0,4.0
3306,1.0,4.0
3307,1.0,4.0
3308,1.0,4.5
3309,1.0,4.5
3310,1.0,4.5
3311,1.0,4.5
3312,1.0,4.5
3313,1.0,4.5
3314,1.0,4.5
3315,1.0,4.5
3316,1.0,4.5
3317,1.0,4.5
3318,1.0,4.5
3319,1.0,4.5
3320,1.0,4.5
3321,1.0,4.5
3322,1.0,5.0
3323,1.0,5.0
3324,1.0,5.0
3325,1.0,4.3
3326,1.0,4.3
3327,1.0,4.3
3328,1.0,4.3
3329,1.0,4.3
3330,1.0,4.3
3331,1.0,4.3
3332,1.0,4.3
3333,1.0,4.3
3334,1.0,4.3
3335,1.0,4.3
3336,1.0,4.3
3337,1.0,4.3
3338,1.0,4.8
3339,1.0,4.8
3340,1.0,4.8
3341,1.0,4.1
3342,1.0,4.1
3343,1.0,4.1
3344,1.0,4.1
3345,1.0,4.1
3346,1.0,4.6
3347,1.0,4.6
3348,1.0,4.6
3349,1.0,4.6
3350,1.0,4.6
3351,1.0,4.6
3352,1.0,4.6
3353,1.0,4.6
3354,1.0,4.6
3355,1.0,5.1
3356,1.0,5.1
3357,1.0,5.1
3358,1.0,4.4
3359,1.0,4.4
3360,1.0,4.4
3361,1.0,4.4
3362,1.0,4.4
3363,1.0,4.4
3364,1.0,4.4
3365,1.0,4.4
3366,1.0,4.4
3367,1.0,4.4
3368,1.0,4.4
3369,1.0,4.4
3370,1.0,4.4
3371,1.0,4.9
3372,1.0,4.9
3373,1.0,4.9
3374,1.0,4.9
3375,1.0,4.9
3376,1.0,4.9
3377,1.0,4.2
3378,1.0,4.2
3379,1.0,4.2
3380,1.0,4.2
3381,1.0,4.2
3382,1.0,4.2
3383,1.0,4.2
3384,1.0,4.2
3385,1.0,4.7
3386,1.0,4.7
3387,1.0,4.7
3388,1.0,4.7
3389,1.0,4.7
3390,1.0,4.7
3391,1.0,4.7
3392,1.0,4.7
3393,1.0,4.7
3394,1.0,5.2
3395,1.0,5.2
3396,1.0,5.2
3397,4.3,4.5
3398,4.8,5.9
3399,4.8,6.7
3400,3.8,4.8
3401,3.8,5.3
3402,3.8,6.3
3403,3.8,5.7
3404,4.1,5.5
3405,4.6,4.5
3406,4.6,5.5
3407,4.6,6.6
3408,2.2,5.5
3409,2.2,5.5
3410,2.2,4.3
3411,2.2,5.3
3412,2.2,4.6
3413,2.2,4.7
3414,2.2,5.7
3415,2.7,5.0
3416,2.7,5.0
3417,2.7,5.3
3418,2.7,4.6
3419,2.7,5.1
3420,2.7,4.9
3421,3.1,4.8
3422,3.1,4.8
3423,3.1,4.6
3424,3.1,6.1
3425,5.7,5.2
3426,1.0,4.3
3427,1.0,4.6
3428,3.4,4.5
3429,3.4,4.6
3430,3.4,4.7
3431,4.3,4.6
3432,4.1,4.9
3433,2.2,4.7
3434,2.7,4.0
3435,0.0,4.5
3436,7.2,6.3
3437,2.0,4.5
3438,3.4,4.6
3439,2.7,4.5
3440,2.7,4.6
3441,2.7,4.6
3442,3.1,4.6
3443,4.0,4.5
3444,2.0,4.2
3445,2.0,4.7
3446,1.0,4.2
3447,4.3,4.5
3448,4.8,4.6
3449,4.8,4.4
3450,3.8,4.5
3451,3.8,4.6
3452,3.8,4.9
3453,4.1,4.5
3454,5.4,5.2
3455,3.1,4.6
3456,3.4,4.4
3457,3.4,4.7
3458,3.4,4.3
3459,3.4,2.7
3460,5.0,3.04
3461,3.4,2.6
3462,3.8,2.5
3463,4.1,2.6
3464,4.1,2.5
3465,4.6,2.8
3466,2.0,2.96
3467,2.0,2.6
3468,2.0,3.17
3469,2.0,2.85
3470,2.0,3.02
3471,2.5,2.53
3472,3.0,2.64
3473,1.0,2.8
3474,1.0,2.76
3475,2.9,2.77
3476,3.4,4.4
3477,3.4,3.24
3478,3.4,3.17
3479,3.4,2.69
3480,3.4,2.57
3481,3.4,3.44
3482,3.4,2.68
3483,3.4,3.19
3484,3.4,3.58
3485,3.4,3.78
3486,4.8,2.67
3487,3.3,2.97
3488,3.3,2.81
3489,3.8,2.66
3490,3.8,2.88
3491,3.8,2.85
3492,3.8,2.79
3493,3.8,2.66
3494,4.1,3.62
3495,4.1,2.6
3496,2.2,2.75
3497,2.2,2.96
3498,2.2,2.69
3499,2.7,2.69
3500,3.2,2.52
3501,2.6,2.87
3502,3.1,3.29
3503,3.1,2.92
3504,3.1,2.7
3505,3.1,2.82
3506,3.1,2.54
3507,3.1,2.54
3508,3.1,3.07
3509,3.6,3.53
3510,2.0,2.6
3511,2.0,2.5
3512,2.0,2.6
3513,2.0,2.8
3514,2.0,2.9
3515,2.0,2.5
3516,2.0,2.7
3517,2.0,2.7
3518,2.0,2.6
3519,2.0,2.5
3520,2.0,2.5
3521,2.0,2.6
3522,2.0,2.6
3523,2.0,2.7
3524,2.0,2.6
3525,2.0,2.5
3526,2.0,2.7
3527,2.0,2.5
3528,2.0,2.5
3529,2.0,2.7
3530,2.0,2.5
3531,2.0,3.1
3532,2.0,2.8
3533,2.0,2.8
3534,2.0,2.8
3535,2.0,2.7
3536,2.5,3.1
3537,2.5,3.0
3538,2.5,3.1
3539,2.5,2.7
3540,2.5,3.4
3541,3.0,3.3
3542,3.5,2.9
3543,1.0,2.7
3544,1.0,2.5
3545,1.0,2.6
3546,1.0,2.6
3547,1.0,2.6
3548,1.0,2.6
3549,1.0,2.5
3550,3.4,3.3
3551,3.4,3.6
3552,3.4,2.9
3553,3.4,3.4
3554,3.4,3.4
3555,3.4,3.3
3556,3.4,3.2
3557,3.4,3.2
3558,3.4,3.1
3559,3.9,4.0
3560,4.8,4.0
3561,2.3,3.0
3562,3.8,4.0
3563,3.8,3.7
3564,3.8,3.4
3565,3.8,3.8
3566,4.1,3.4
3567,4.1,2.7
3568,4.1,2.6
3569,4.1,3.0
3570,4.6,3.4
3571,5.6,3.7
3572,2.2,3.4
3573,2.2,3.1
3574,2.2,3.1
3575,2.2,3.4
3576,2.2,2.8
3577,2.2,2.7
3578,2.2,2.7
3579,2.2,2.5
3580,2.2,2.6
3581,2.2,2.7
3582,2.2,2.5
3583,2.2,2.5
3584,2.2,3.4
3585,2.2,2.6
3586,2.2,2.6
3587,2.2,2.8
3588,2.2,3.0
3589,2.2,2.7
3590,2.2,3.2
3591,2.2,3.1
3592,2.2,2.5
3593,2.2,2.8
3594,2.2,2.9
3595,2.2,3.0
3596,2.2,2.8
3597,2.2,3.2
3598,2.2,2.7
3599,2.2,3.0
3600,2.2,3.2
3601,2.2,2.6
3602,2.2,2.5
3603,2.2,2.9
3604,2.2,3.0
3605,2.2,2.6
3606,2.2,3.0
3607,2.2,3.0
3608,2.2,3.4
3609,2.7,3.1
3610,2.7,2.9
3611,2.7,2.7
3612,2.7,3.1
3613,2.7,2.8
3614,2.7,3.4
3615,2.7,3.0
3616,2.7,3.0
3617,2.7,2.8
3618,2.7,2.7
3619,2.7,2.6
3620,2.7,2.9
3621,2.7,3.1
3622,2.7,2.8
3623,2.7,2.6
3624,3.2,3.1
3625,3.2,3.1
3626,2.1,2.9
3627,3.1,3.3
3628,3.1,3.3
3629,3.1,2.6
3630,3.1,3.0
3631,3.1,2.5
3632,3.1,3.6
3633,3.1,3.0
3634,3.1,3.1
3635,3.1,3.3
3636,3.1,2.7
3637,3.1,3.4
3638,3.1,2.6
3639,3.1,2.7
3640,3.1,3.8
3641,3.1,2.7
3642,3.1,3.5
3643,3.1,3.0
3644,3.1,2.5
3645,3.1,2.8
3646,3.1,2.7
3647,3.1,3.2
3648,3.6,4.0
3649,3.6,3.57
3650,3.6,2.9
3651,4.2,3.0
3652,2.0,2.6
3653,4.5,2.8
3654,3.4,2.6
3655,3.4,3.0
3656,3.9,3.3
3657,4.1,2.6
3658,4.1,2.5
3659,5.6,2.6
3660,5.2,2.8
3661,0.0,2.9
3662,2.0,2.9
3663,2.0,3.6
3664,2.0,2.5
3665,2.0,2.6
3666,2.0,3.0
3667,2.0,2.5
3668,2.0,3.3
3669,2.0,3.6
3670,2.0,2.6
3671,2.0,2.9
3672,2.0,3.1
3673,2.0,3.7
3674,2.0,2.5
3675,2.0,2.8
3676,2.0,2.9
3677,2.0,2.5
3678,2.0,2.6
3679,2.0,2.9
3680,2.0,2.8
3681,2.0,2.8
3682,2.0,2.9
3683,2.0,3.2
3684,2.0,3.2
3685,2.0,2.7
3686,2.0,2.7
3687,2.0,2.9
3688,2.0,2.9
3689,2.0,2.8
3690,2.0,2.7
3691,2.0,3.3
3692,2.0,2.7
3693,2.0,2.9
3694,2.0,3.5
3695,2.0,2.5
3696,2.0,3.2
3697,2.0,2.5
3698,2.0,2.6
3699,2.0,2.5
3700,2.5,4.4
3701,3.0,2.9
3702,3.0,2.7
3703,3.5,3.2
3704,3.5,3.2
3705,4.0,2.8
3706,4.5,3.8
3707,4.5,3.1
3708,4.5,3.5
3709,5.0,3.8
3710,5.0,4.6
3711,5.0,2.8
3712,5.0,2.8
3713,1.0,3.0
3714,1.0,3.2
3715,1.0,2.6
3716,1.0,3.2
3717,1.0,2.9
3718,1.0,2.7
3719,1.0,3.3
3720,1.0,2.7
3721,1.0,2.5
3722,1.0,3.2
3723,1.0,2.6
3724,1.0,3.4
3725,1.0,3.2
3726,1.0,2.5
3727,1.0,2.5
3728,1.0,2.7
3729,1.0,3.1
3730,1.0,2.7
3731,1.0,3.4
3732,1.0,2.6
3733,1.0,2.8
3734,1.0,3.5
3735,1.0,2.9
3736,1.0,3.1
3737,1.0,2.5
3738,1.0,2.5
3739,1.0,2.5
3740,1.0,2.7
3741,1.0,2.8
3742,2.9,3.4
3743,2.9,2.6
3744,2.9,2.9
3745,3.4,3.2
3746,3.4,4.3
3747,3.4,2.6
3748,3.4,4.0
3749,3.4,3.9
3750,3.4,3.1
3751,3.4,3.2
3752,3.4,2.8
3753,3.4,4.5
3754,3.4,2.9
3755,3.4,2.6
3756,3.4,3.5
3757,3.4,3.2
3758,3.4,3.5
3759,3.4,4.0
3760,3.4,2.5
3761,3.4,2.7
3762,3.4,2.6
3763,3.9,3.4
3764,4.3,2.9
3765,4.3,3.3
3766,4.3,3.4
3767,4.3,3.7
3768,4.3,3.3
3769,4.3,2.9
3770,4.3,2.8
3771,4.3,2.7
3772,4.3,2.9
3773,4.3,2.7
3774,4.3,2.6
3775,4.3,2.5
3776,4.3,3.5
3777,4.3,2.5
3778,4.3,2.7
3779,5.3,4.0
3780,5.8,4.7
3781,6.3,5.4
3782,7.8,5.2
3783,3.3,4.7
3784,3.3,4.0
3785,3.3,2.5
3786,3.3,3.3
3787,3.8,2.7
3788,3.8,2.7
3789,3.8,3.6
3790,3.8,3.4
3791,3.8,4.3
3792,3.8,3.1
3793,3.8,2.9
3794,3.8,3.6
3795,3.8,2.8
3796,3.8,2.8
3797,3.8,3.2
3798,3.8,3.5
3799,3.8,3.3
3800,3.8,2.7
3801,3.8,3.6
3802,3.8,3.1
3803,3.8,2.6
3804,4.1,4.0
3805,4.1,2.5
3806,4.1,2.8
3807,4.1,4.3
3808,4.1,4.4
3809,4.1,3.2
3810,4.1,3.0
3811,4.1,3.6
3812,4.1,2.6
3813,4.1,3.7
3814,4.1,3.803475183
3815,4.1,4.1
3816,4.1,3.1
3817,4.1,3.4
3818,4.1,2.5
3819,4.6,2.7
3820,2.2,2.7
3821,2.2,3.4
3822,2.2,2.7
3823,2.2,2.9
3824,2.2,2.752444994
3825,2.2,3.1
3826,2.2,4.1
3827,2.2,2.9
3828,2.2,3.2
3829,2.2,3.3
3830,2.2,3.2
3831,2.2,3.1
3832,2.2,2.8
3833,2.2,3.5
3834,2.2,2.6
3835,2.2,2.8
3836,2.2,3.0
3837,2.2,2.6
3838,2.2,2.6
3839,2.2,2.6
3840,2.2,3.2
3841,2.2,4.093029702
3842,2.2,3.3
3843,2.2,3.9
3844,2.2,3.9
3845,2.2,3.0
3846,2.7,2.9
3847,2.7,4.1
3848,2.7,2.7
3849,2.7,3.0
3850,2.7,3.2
3851,2.7,3.4
3852,2.7,3.1
3853,2.7,4.0
3854,2.7,3.6
3855,2.7,2.5
3856,2.7,2.6
3857,2.7,3.2
3858,2.7,2.9
3859,2.7,2.9
3860,2.7,2.7
3861,2.7,2.7
3862,2.7,2.9
3863,2.7,2.9
3864,2.7,3.2
3865,2.7,3.8
3866,2.7,3.8
3867,3.2,2.7
3868,3.2,2.7
3869,3.2,2.6
3870,3.7,3.0
3871,3.7,3.1
3872,3.7,2.8
3873,4.9,3.3
3874,4.9,2.6
3875,4.9,2.6
3876,4.9,3.8
3877,5.4,3.0
3878,3.1,3.4
3879,3.1,3.7
3880,3.1,2.7
3881,3.1,2.8
3882,3.1,2.7
3883,3.1,3.0
3884,3.1,3.1
3885,3.1,3.2
3886,3.1,2.5
3887,3.1,2.7
3888,3.1,3.4
3889,3.1,3.2
3890,3.1,2.6
3891,3.1,3.1
3892,3.1,2.8
3893,3.1,3.0
3894,3.1,3.0
3895,3.1,3.3
3896,3.1,3.4
3897,3.1,2.5
3898,3.1,2.5
3899,3.1,2.5
3900,3.1,3.0
3901,3.1,2.7
3902,3.6,2.7
3903,3.6,3.1
3904,4.2,3.1
3905,4.2,3.5
3906,4.2,2.9
3907,4.7,3.6
3908,5.2,2.8
3909,0.0,4.0
3910,2.0,3.3
3911,2.0,3.9
3912,2.0,2.9
3913,2.0,4.7
3914,2.0,3.1
3915,2.0,4.4
3916,2.0,5.2
3917,2.0,4.6
3918,2.0,3.6
3919,2.0,4.6
3920,2.5,4.2
3921,2.5,4.8
3922,6.5,6.8
3923,1.0,2.9
3924,1.0,4.7
3925,1.0,4.0
3926,1.0,4.0
3927,1.0,3.8
3928,1.0,2.7
3929,1.0,4.5
3930,1.0,4.0
3931,1.0,4.4
3932,1.0,4.2
3933,1.0,4.1
3934,1.0,4.0
3935,1.0,2.5
3936,1.0,4.5
3937,1.0,3.4
3938,2.4,5.2
3939,3.4,5.6
3940,3.4,4.7
3941,3.4,4.7
3942,3.4,5.2
3943,3.4,4.2
3944,3.4,5.1
3945,3.4,4.6
3946,3.4,5.1
3947,3.4,4.9
3948,3.9,6.2
3949,4.3,5.8
3950,4.3,4.7
3951,5.8,5.3
3952,3.3,4.8
3953,3.8,4.9
3954,3.8,5.4
3955,3.8,5.1
3956,3.8,5.3
3957,3.8,3.9
3958,3.8,5.1
3959,3.8,4.8
3960,3.8,3.4
3961,3.8,3.6
3962,3.8,3.8
3963,3.8,4.5
3964,4.1,4.5
3965,4.1,5.0
3966,4.6,3.2
3967,6.1,4.7
3968,2.2,5.2
3969,2.2,4.6
3970,2.2,3.4
3971,2.2,4.6
3972,2.2,4.8
3973,2.2,2.8
3974,2.2,3.1
3975,2.2,3.7
3976,2.2,4.3
3977,2.2,4.7
3978,2.7,4.6
3979,2.7,4.9
3980,2.7,4.7
3981,2.7,4.3
3982,2.7,5.2
3983,2.7,4.7
3984,2.7,3.1
3985,4.4,5.4
3986,4.9,3.8
3987,5.4,6.9
3988,7.9,6.6
3989,2.6,4.6
3990,3.1,3.3
3991,3.1,5.4
3992,3.1,4.6
3993,3.1,4.5
3994,3.1,2.6
3995,3.1,5.1
3996,3.1,4.2
3997,3.1,4.8
3998,3.1,4.0
3999,3.1,4.6
4000,3.6,4.7
4001,3.6,4.9
4002,6.7,4.9
4003,0.0,2.85
4004,0.0,2.78
4005,2.0,2.71
4006,2.0,2.61
4007,2.0,2.89
4008,2.0,3.01
4009,2.0,2.6
4010,2.0,2.79
4011,2.0,3.08
4012,2.0,3.35
4013,2.0,3.05
4014,2.0,3.19
4015,2.0,2.6
4016,2.0,3.1
4017,2.0,2.7
4018,2.0,2.82
4019,2.0,2.87
4020,2.0,2.56
4021,2.0,2.97
4022,2.0,2.51
4023,2.0,2.75
4024,2.0,3.25
4025,2.0,2.94
4026,2.0,2.76
4027,2.0,2.88
4028,2.0,3.24
4029,2.0,3.06
4030,2.0,2.79
4031,2.0,3.29
4032,2.0,2.9
4033,2.0,2.67
4034,2.0,2.89
4035,2.0,2.98
4036,2.0,2.88
4037,2.0,2.68
4038,2.0,3.09
4039,2.0,2.7
4040,2.0,2.99
4041,2.0,2.52
4042,2.0,2.64
4043,2.0,3.14
4044,2.0,2.94
4045,2.0,2.68
4046,2.0,2.87
4047,2.0,3.15
4048,2.0,3.13
4049,2.0,3.64
4050,2.0,2.6
4051,2.0,3.21
4052,2.0,2.63
4053,2.0,2.91
4054,2.0,3.1
4055,2.0,2.98
4056,2.0,2.86
4057,2.0,2.53
4058,2.0,3.04
4059,2.0,2.6
4060,2.0,2.89
4061,2.0,2.74
4062,2.0,2.96
4063,2.0,2.92
4064,2.0,2.58
4065,2.0,2.84
4066,2.0,2.87
4067,2.0,2.71
4068,2.0,2.75
4069,2.0,3.1
4070,2.0,2.76
4071,2.0,2.79
4072,2.0,2.62
4073,2.0,2.68
4074,2.0,2.52999997
4075,2.0,3.33
4076,2.0,2.83
4077,2.0,2.94
4078,2.0,2.83
4079,2.0,2.6
4080,2.0,2.8
4081,2.0,2.7
4082,2.0,2.81
4083,2.0,2.74
4084,2.0,2.9
4085,2.0,2.94
4086,2.0,3.08
4087,2.0,2.76
4088,2.0,3.31
4089,2.0,2.56
4090,2.0,2.79
4091,2.0,2.55
4092,2.0,3.09
4093,2.0,2.71
4094,2.0,3.05
4095,2.0,2.51
4096,2.0,3.17
4097,2.0,2.61
4098,2.0,2.53
4099,2.0,3.09
4100,2.0,2.7
4101,2.0,2.58
4102,2.0,3.05
4103,2.0,3.25
4104,2.0,3.21
4105,2.0,2.82
4106,2.0,3.43
4107,2.0,2.89
4108,2.0,3.29
4109,2.0,2.84
4110,2.0,2.6
4111,2.0,2.69
4112,2.0,3.21
4113,2.0,2.5
4114,2.0,3.05
4115,2.0,2.99
4116,2.0,3.0
4117,2.0,3.39
4118,2.0,2.52
4119,2.0,2.52
4120,2.0,2.63
4121,2.0,2.7
4122,2.0,2.57
4123,2.0,2.75
4124,2.0,2.94
4125,2.0,2.98
4126,2.0,2.7
4127,2.0,3.07
4128,2.0,2.94
4129,2.0,2.54
4130,2.5,2.67
4131,2.5,2.73
4132,2.5,3.04
4133,2.5,2.92
4134,2.5,2.85
4135,2.5,2.86
4136,2.5,3.0
4137,2.5,2.8
4138,2.5,3.28
4139,2.5,3.27
4140,2.5,3.25
4141,2.5,3.07
4142,2.5,3.52
4143,2.5,3.15
4144,2.5,2.54
4145,2.5,3.04
4146,2.5,2.93
4147,2.5,2.96
4148,2.5,3.04
4149,3.0,2.58
4150,3.0,2.61
4151,3.0,2.92
4152,3.0,3.59
4153,3.0,2.59
4154,3.5,3.96
4155,3.5,3.68
4156,4.5,4.54
4157,7.0,5.02
4158,1.0,2.7
4159,1.0,2.94
4160,1.0,2.52
4161,1.0,2.98
4162,1.0,2.59
4163,1.0,2.88
4164,1.0,2.68
4165,1.0,2.8
4166,1.0,2.57
4167,1.0,2.77
4168,1.0,3.15
4169,1.0,3.2
4170,1.0,3.0
4171,1.0,2.88
4172,1.0,2.67
4173,1.0,2.74
4174,1.0,3.09
4175,1.0,2.7
4176,1.0,2.95
4177,1.0,2.6
4178,1.0,2.62
4179,1.0,2.55
4180,1.0,2.73
4181,1.0,2.75
4182,1.0,2.67
4183,1.0,3.09
4184,1.0,3.11
4185,1.0,2.63
4186,1.0,2.71
4187,1.0,2.65
4188,1.0,3.04
4189,1.0,2.82
4190,1.0,2.84
4191,1.0,2.6
4192,1.0,2.74
4193,1.0,2.68
4194,1.0,2.71
4195,1.0,2.59
4196,1.0,3.25
4197,1.0,2.88
4198,1.0,3.04
4199,1.0,2.93
4200,1.0,2.53
4201,1.0,2.64
4202,1.0,2.67
4203,1.0,3.19
4204,1.0,2.92
4205,1.0,3.92
4206,1.0,3.05
4207,1.0,2.51
4208,1.0,3.72
4209,1.0,2.52
4210,1.0,3.71
4211,1.0,2.55
4212,1.0,2.54
4213,1.0,2.61
4214,1.0,2.88
4215,1.0,2.53
4216,1.0,2.93
4217,1.0,3.27
4218,1.0,2.93
4219,1.0,2.82
4220,1.0,2.87
4221,1.0,2.77
4222,1.0,2.86
4223,1.0,2.94
4224,1.0,2.81
4225,1.0,2.64
4226,1.0,3.01
4227,1.0,2.87
4228,1.0,3.12
4229,1.0,2.9
4230,1.0,2.69000006
4231,1.0,2.69
4232,1.0,3.04
4233,1.0,2.74
4234,1.0,2.6
4235,1.0,2.74
4236,1.0,2.95
4237,1.0,3.14
4238,1.0,3.06
4239,1.0,3.13
4240,1.0,2.87
4241,1.0,3.13
4242,1.0,2.6099999
4243,1.0,2.8
4244,1.0,2.50999999
4245,1.0,2.8
4246,1.0,3.17
4247,1.0,2.52
4248,1.0,2.74
4249,1.0,2.64
4250,1.0,2.68
4251,1.0,2.51
4252,1.0,2.88
4253,1.0,2.63
4254,1.0,2.65
4255,1.0,3.32
4256,1.0,2.62
4257,1.0,2.68
4258,1.0,2.79
4259,1.0,2.61
4260,1.0,3.07
4261,1.0,2.5
4262,1.0,2.73
4263,1.0,2.89
4264,1.0,2.67
4265,1.0,2.54
4266,1.0,2.75
4267,2.4,2.68
4268,2.4,3.34
4269,2.4,2.86
4270,2.9,3.2
4271,2.9,3.29
4272,2.9,3.18
4273,2.9,3.13
4274,2.9,3.37
4275,2.9,3.77
4276,2.9,2.79
4277,2.9,2.82
4278,2.9,3.09
4279,2.9,2.56
4280,3.4,3.43
4281,3.4,3.17
4282,3.4,4.2
4283,3.4,3.5
4284,3.4,3.43
4285,3.4,3.67
4286,3.4,3.35
4287,3.4,3.34
4288,3.4,3.4
4289,3.4,3.87
4290,3.4,2.58
4291,3.4,2.86
4292,3.4,3.51
4293,3.4,3.78
4294,3.4,3.15
4295,3.4,2.97
4296,3.4,3.74
4297,3.4,3.07
4298,3.4,2.58
4299,3.4,2.85
4300,3.4,3.27
4301,3.4,3.6
4302,3.4,2.83
4303,3.4,3.09
4304,3.4,3.74
4305,3.4,3.28
4306,3.4,3.27
4307,3.4,3.15
4308,3.4,2.59
4309,3.4,3.49
4310,3.4,3.12
4311,3.4,3.33
4312,3.4,2.8
4313,3.4,2.84
4314,3.4,3.58
4315,3.4,2.95
4316,3.4,2.82999992
4317,3.4,3.31
4318,3.4,4.01
4319,3.4,3.5
4320,3.4,3.37
4321,3.4,2.71
4322,3.4,2.99
4323,3.4,2.62
4324,3.4,3.09
4325,3.4,2.95
4326,3.4,3.14
4327,3.4,3.84
4328,3.4,3.37
4329,3.9,4.06
4330,3.9,3.65
4331,4.3,3.05
4332,4.3,3.4
4333,4.3,2.79
4334,4.3,4.16
4335,4.3,3.81
4336,4.3,3.67
4337,4.8,4.78
4338,4.8,3.82
4339,5.3,4.1
4340,5.8,6.21
4341,2.8,2.95
4342,2.8,3.48
4343,2.8,3.46
4344,2.8,3.31
4345,3.3,3.64
4346,3.3,3.81
4347,3.3,3.9
4348,3.3,3.26
4349,3.8,3.26
4350,3.8,2.58
4351,3.8,3.35
4352,3.8,3.2
4353,3.8,2.95
4354,3.8,3.64
4355,3.8,2.71
4356,3.8,3.0
4357,3.8,2.81
4358,3.8,2.57
4359,3.8,2.85
4360,3.8,4.55
4361,3.8,3.47
4362,3.8,2.66
4363,3.8,2.94
4364,3.8,3.54
4365,3.8,3.41
4366,3.8,3.51
4367,3.8,3.3
4368,3.8,4.12
4369,3.8,2.75
4370,3.8,3.18
4371,3.8,3.86
4372,3.8,3.19
4373,3.8,2.97
4374,3.8,3.73
4375,3.8,3.51
4376,3.8,3.06
4377,3.8,2.78
4378,3.8,2.72
4379,3.8,3.83
4380,3.8,3.38
4381,3.8,2.64
4382,3.8,3.71
4383,3.8,3.55
4384,3.8,2.81
4385,3.8,3.31
4386,3.8,3.38
4387,3.8,4.67
4388,3.8,4.25
4389,3.8,4.0
4390,3.8,3.75
4391,3.8,3.44
4392,3.8,3.71
4393,4.1,3.89
4394,4.1,3.32
4395,4.1,2.64
4396,4.1,3.16
4397,4.1,2.59
4398,4.1,3.21
4399,4.1,3.64
4400,4.1,3.42
4401,4.1,3.14
4402,4.1,4.87
4403,4.1,2.72
4404,4.1,4.62
4405,4.1,2.89
4406,4.1,3.24
4407,4.1,3.49
4408,4.1,3.83
4409,4.1,3.32
4410,4.1,4.26
4411,4.6,2.57
4412,4.6,4.45
4413,4.6,3.91
4414,4.6,4.16
4415,5.1,3.92
4416,5.6,4.0
4417,7.6,4.67
4418,2.2,2.87
4419,2.2,3.47
4420,2.2,3.0
4421,2.2,2.95
4422,2.2,3.09
4423,2.2,3.42
4424,2.2,2.94
4425,2.2,2.76
4426,2.2,2.95
4427,2.2,2.52
4428,2.2,2.98
4429,2.2,2.56
4430,2.2,2.51999998
4431,2.2,3.13
4432,2.2,3.6
4433,2.2,3.7
4434,2.2,3.42
4435,2.2,2.65
4436,2.2,3.23
4437,2.2,2.9
4438,2.2,3.31
4439,2.2,3.1
4440,2.2,3.37
4441,2.2,2.84
4442,2.2,3.45
4443,2.2,2.55
4444,2.2,3.04
4445,2.2,2.64
4446,2.2,3.11
4447,2.2,2.82
4448,2.2,2.87
4449,2.2,3.03
4450,2.2,3.11
4451,2.2,2.68
4452,2.2,2.52
4453,2.2,3.25
4454,2.2,2.8
4455,2.2,3.07
4456,2.2,3.5
4457,2.2,3.59
4458,2.2,2.77
4459,2.2,2.87
4460,2.2,2.85
4461,2.2,2.65
4462,2.2,2.98
4463,2.2,2.68
4464,2.2,2.5
4465,2.2,2.69
4466,2.2,2.83
4467,2.2,2.66000009
4468,2.2,2.84
4469,2.2,3.3
4470,2.2,3.46
4471,2.2,2.53
4472,2.2,2.92
4473,2.2,3.12
4474,2.2,2.57
4475,2.2,2.71
4476,2.2,2.96
4477,2.2,2.79
4478,2.2,3.22
4479,2.2,2.63
4480,2.2,2.77
4481,2.2,3.4
4482,2.2,3.18
4483,2.2,2.55
4484,2.2,3.01
4485,2.2,2.73
4486,2.2,2.65
4487,2.2,2.56
4488,2.2,2.72
4489,2.2,2.71
4490,2.2,2.84
4491,2.2,2.72
4492,2.2,3.07
4493,2.2,2.58
4494,2.2,2.98
4495,2.2,2.72
4496,2.7,3.5
4497,2.7,3.09
4498,2.7,2.61
4499,2.7,2.65
4500,2.7,2.8
4501,2.7,3.43
4502,2.7,2.94
4503,2.7,2.84
4504,2.7,2.62
4505,2.7,3.51
4506,2.7,2.84
4507,2.7,3.48
4508,2.7,2.96
4509,2.7,3.34
4510,2.7,3.22
4511,2.7,3.09
4512,2.7,3.04
4513,2.7,2.73
4514,2.7,3.06
4515,2.7,3.51
4516,2.7,2.59
4517,2.7,2.59
4518,2.7,2.94
4519,2.7,3.43
4520,2.7,3.06
4521,2.7,2.86
4522,2.7,2.71
4523,2.7,3.17
4524,2.7,2.76
4525,2.7,2.78
4526,2.7,2.5
4527,2.7,2.58
4528,2.7,3.64
4529,2.7,2.87
4530,2.7,3.47
4531,2.7,2.9
4532,2.7,3.55
4533,2.7,3.48
4534,2.7,2.66
4535,2.7,3.0
4536,2.7,3.37
4537,2.7,2.76
4538,2.7,2.73
4539,2.7,3.58
4540,2.7,2.59
4541,2.7,3.7
4542,2.7,2.72
4543,2.7,3.51
4544,2.7,3.23
4545,2.7,2.93
4546,2.7,3.02
4547,2.7,2.61
4548,2.7,2.72
4549,2.7,3.17
4550,2.7,2.85
4551,2.7,2.76
4552,2.7,3.15
4553,2.7,2.94
4554,2.7,3.59
4555,2.7,3.35
4556,2.7,2.6500001
4557,2.7,3.8
4558,2.7,3.36
4559,2.7,2.5
4560,2.7,3.28
4561,2.7,2.73000002
4562,2.7,2.66
4563,2.7,3.06
4564,2.7,3.3
4565,2.7,3.15
4566,2.7,2.5
4567,2.7,3.19
4568,2.7,2.77
4569,3.2,2.65
4570,3.2,3.68
4571,3.7,3.86
4572,3.7,3.08
4573,3.7,3.17
4574,4.4,3.59
4575,4.9,5.17
4576,5.9,4.33
4577,2.1,3.14
4578,2.1,3.16
4579,2.1,3.0
4580,2.1,3.14
4581,2.6,2.55
4582,3.1,3.52
4583,3.1,3.58
4584,3.1,2.86
4585,3.1,3.42
4586,3.1,2.76
4587,3.1,2.86
4588,3.1,3.28
4589,3.1,3.18
4590,3.1,3.34
4591,3.1,3.6
4592,3.1,3.62
4593,3.1,3.26
4594,3.1,2.92
4595,3.1,3.29
4596,3.1,3.33
4597,3.1,2.62
4598,3.1,3.19
4599,3.1,3.36
4600,3.1,3.18
4601,3.1,3.06
4602,3.1,2.55
4603,3.1,3.18
4604,3.1,3.03
4605,3.1,3.54
4606,3.1,3.76
4607,3.1,3.33
4608,3.1,3.33
4609,3.1,4.17
4610,3.1,2.56999993
4611,3.1,2.73
4612,3.1,3.22
4613,3.1,2.68
4614,3.1,2.67
4615,3.1,3.7
4616,3.1,2.98
4617,3.1,2.82
4618,3.1,3.34
4619,3.1,3.33
4620,3.1,3.16
4621,3.1,3.48
4622,3.1,3.06
4623,3.1,3.28
4624,3.1,4.01
4625,3.1,3.22
4626,3.1,3.33
4627,3.1,3.43
4628,3.1,2.75
4629,3.1,2.63
4630,3.1,3.51
4631,3.1,3.59
4632,3.1,3.5
4633,3.1,3.01
4634,3.1,3.56
4635,3.1,3.11
4636,3.1,3.15
4637,3.1,3.28
4638,3.1,2.92
4639,3.1,3.23
4640,3.1,3.67
4641,3.1,2.93
4642,3.1,2.7
4643,3.1,3.44
4644,3.1,2.8
4645,3.1,2.8
4646,3.1,3.32
4647,3.1,3.12
4648,3.1,2.72
4649,3.1,3.01
4650,3.1,3.46
4651,3.1,3.39
4652,3.1,3.44
4653,3.1,2.81
4654,3.1,2.67
4655,3.6,4.01
4656,3.6,3.62
4657,3.6,3.6
4658,3.6,3.05
4659,3.6,3.07
4660,3.6,3.77
4661,3.6,3.51
4662,3.6,2.99
4663,3.6,3.12
4664,3.6,3.48
4665,3.6,3.61
4666,4.2,4.03
4667,4.2,4.63
4668,4.2,4.32
4669,4.2,3.89
4670,4.2,3.35
4671,4.2,3.15
4672,4.2,3.91
4673,4.7,3.58
4674,2.0,2.9
4675,2.0,2.8
4676,2.0,2.9
4677,2.0,2.52
4678,2.0,2.8
4679,2.0,3.3
4680,2.0,2.6
4681,2.0,2.6
4682,2.0,2.6
4683,2.0,2.5
4684,2.0,2.5
4685,2.0,2.5
4686,2.0,2.6
4687,2.0,3.2
4688,3.0,2.7
4689,3.5,3.7
4690,4.0,3.3
4691,4.5,3.1
4692,5.5,3.8
4693,1.0,2.5
4694,1.0,2.5
4695,1.0,2.6
4696,1.0,2.7
4697,3.4,3.5
4698,3.4,2.6
4699,3.4,3.2
4700,3.4,2.66
4701,3.4,2.5
4702,3.4,3.1
4703,3.4,2.7
4704,3.4,2.5
4705,3.4,3.0
4706,3.4,2.5
4707,3.9,2.69
4708,4.3,3.3
4709,4.3,2.5
4710,4.3,2.6
4711,2.8,2.5
4712,3.8,3.0
4713,3.8,2.9
4714,3.8,2.7
4715,3.8,3.0
4716,3.8,2.6
4717,3.8,3.0
4718,3.8,3.2
4719,4.1,2.5
4720,4.1,3.1
4721,4.1,3.0
4722,4.1,3.5
4723,4.1,2.9
4724,4.1,4.0
4725,4.1,2.5
4726,4.1,2.5
4727,4.6,2.9
4728,2.2,2.5
4729,2.2,2.6
4730,2.2,2.8
4731,2.2,2.6
4732,2.2,2.6
4733,2.2,2.5
4734,2.2,2.5
4735,2.2,3.1
4736,2.2,2.9
4737,2.2,2.5
4738,2.7,2.6
4739,2.7,2.5
4740,2.7,2.6
4741,2.7,2.5
4742,2.7,2.8
4743,3.2,2.5
4744,3.7,3.2
4745,3.7,3.6
4746,5.4,4.3
4747,5.4,2.71
4748,3.1,3.0
4749,3.1,2.6
4750,3.1,2.5
4751,3.1,2.7
4752,3.1,2.7
4753,3.1,2.5
4754,3.1,2.8
4755,3.1,3.0
4756,3.6,3.5
4757,4.2,3.7
4758,4.2,2.5
4759,4.2,2.6
4760,0.0,2.91
4761,0.0,2.58
4762,0.0,2.81
4763,0.0,2.59
4764,0.0,2.97
4765,0.0,2.62
4766,0.0,2.84
4767,2.0,3.12
4768,2.0,2.76
4769,2.0,2.57
4770,2.0,2.61
4771,2.0,2.88
4772,2.0,2.61
4773,2.0,2.96
4774,2.0,2.65
4775,2.0,3.1
4776,2.0,2.9
4777,2.0,2.88
4778,2.0,2.84
4779,2.0,2.71
4780,2.0,2.86
4781,2.0,2.85
4782,2.0,2.75
4783,2.0,2.52
4784,2.0,3.0
4785,2.0,2.65
4786,2.0,2.68
4787,2.0,2.68
4788,2.0,2.87
4789,2.0,3.11
4790,2.0,2.7
4791,2.0,3.07
4792,2.0,2.52
4793,2.0,2.72
4794,2.0,2.54
4795,2.0,2.9
4796,2.0,2.7
4797,2.0,2.9
4798,2.0,3.4
4799,2.0,3.2
4800,2.0,2.7
4801,2.0,2.5
4802,2.0,3.6
4803,2.0,2.6
4804,2.0,2.5
4805,2.0,3.4
4806,2.0,3.4
4807,2.0,3.7
4808,2.0,3.1
4809,2.0,3.4
4810,2.0,3.3
4811,2.0,3.1
4812,2.0,2.9
4813,2.0,3.0
4814,2.0,2.5
4815,2.0,2.6
4816,2.0,3.0
4817,2.0,2.8
4818,2.0,2.8
4819,2.0,2.5
4820,2.0,2.9
4821,2.0,3.5
4822,2.0,3.3
4823,2.0,2.5
4824,2.0,3.9
4825,2.0,3.5
4826,2.0,3.1
4827,2.0,3.1
4828,2.0,3.4
4829,2.0,2.93
4830,2.0,3.3
4831,2.0,2.5
4832,2.0,2.55
4833,2.5,3.12
4834,2.5,2.66
4835,2.5,2.81
4836,2.5,3.0
4837,2.5,2.9
4838,3.0,2.95
4839,3.5,3.12
4840,4.0,3.54
4841,4.0,2.85
4842,4.0,3.7
4843,4.5,3.47
4844,5.0,5.03
4845,5.0,4.63
4846,6.5,4.41
4847,1.0,2.56
4848,1.0,2.62
4849,1.0,2.7
4850,1.0,3.41
4851,1.0,2.7
4852,1.0,2.65
4853,1.0,2.57
4854,1.0,2.76
4855,1.0,2.6
4856,1.0,2.9
4857,1.0,2.64
4858,1.0,2.78
4859,1.0,2.67
4860,1.0,2.99
4861,1.0,2.88
4862,1.0,2.53
4863,1.0,2.55
4864,1.0,3.01
4865,1.0,2.57
4866,1.0,2.67
4867,1.0,2.87
4868,1.0,3.02
4869,1.0,2.64
4870,1.0,2.9
4871,1.0,2.66
4872,1.0,2.72
4873,1.0,2.8
4874,1.0,2.6
4875,1.0,2.6
4876,1.0,2.8
4877,1.0,2.6
4878,1.0,2.6
4879,1.0,2.54
4880,1.0,2.5
4881,1.0,2.58
4882,1.0,3.3
4883,1.0,3.2
4884,2.4,3.7
4885,2.9,3.2
4886,2.9,2.99
4887,2.9,2.57
4888,3.4,3.64
4889,3.4,3.1
4890,3.4,3.41
4891,3.4,3.2
4892,3.4,3.79
4893,3.4,3.61
4894,3.4,2.67
4895,3.4,2.62
4896,3.4,2.87
4897,3.4,3.07
4898,3.4,3.19
4899,3.4,2.93
4900,3.4,3.52
4901,3.4,3.45
4902,3.4,2.68
4903,3.4,2.64
4904,3.4,3.39
4905,3.4,3.41
4906,3.4,3.19
4907,3.4,2.68
4908,3.4,3.4
4909,3.4,3.3
4910,3.4,4.3
4911,3.4,3.0
4912,3.4,3.0
4913,3.4,2.8
4914,4.3,3.17
4915,4.3,4.55
4916,4.3,3.8
4917,4.3,3.65
4918,4.3,3.04
4919,4.3,4.7
4920,4.8,4.34
4921,4.8,3.66
4922,4.8,3.97
4923,5.3,4.7
4924,5.3,3.31
4925,2.8,2.6
4926,3.3,2.96
4927,3.3,3.32
4928,3.3,3.08
4929,3.8,2.68
4930,3.8,3.52
4931,3.8,2.9
4932,3.8,4.06
4933,3.8,2.9
4934,3.8,3.76
4935,3.8,3.89
4936,3.8,3.13
4937,3.8,3.24
4938,3.8,3.77
4939,3.8,3.41
4940,3.8,2.88
4941,3.8,2.93
4942,3.8,2.8
4943,3.8,2.8
4944,3.8,4.2
4945,4.1,3.57
4946,4.1,3.99
4947,4.1,3.57
4948,4.1,2.95
4949,4.1,2.5
4950,4.1,3.2
4951,4.6,4.24
4952,4.6,3.35
4953,4.6,3.38
4954,4.6,3.41
4955,4.6,3.3
4956,4.6,3.76
4957,4.6,3.4
4958,2.2,2.83
4959,2.2,2.5
4960,2.2,2.77
4961,2.2,2.54
4962,2.2,2.72
4963,2.2,2.53
4964,2.2,2.63
4965,2.2,2.62
4966,2.2,2.9
4967,2.2,2.57
4968,2.2,2.62
4969,2.2,3.06
4970,2.2,3.5
4971,2.2,2.54
4972,2.2,3.28
4973,2.2,2.65
4974,2.2,2.96
4975,2.2,2.95
4976,2.2,3.05
4977,2.2,2.93
4978,2.2,2.58
4979,2.2,2.62
4980,2.2,2.79
4981,2.2,2.57
4982,2.2,2.51
4983,2.2,2.57
4984,2.2,2.68
4985,2.2,2.6
4986,2.2,2.77
4987,2.2,2.79
4988,2.2,3.26
4989,2.2,2.57
4990,2.2,2.94
4991,2.2,3.07
4992,2.2,2.87
4993,2.2,3.33
4994,2.2,2.78
4995,2.2,2.59
4996,2.2,2.86
4997,2.2,2.56
4998,2.2,3.09
4999,2.2,2.54
5000,2.2,3.19
5001,2.2,2.82
5002,2.2,2.88
5003,2.2,2.61
5004,2.2,2.9
5005,2.2,3.4
5006,2.2,2.6
5007,2.2,2.9
5008,2.2,3.5
5009,2.2,3.5
5010,2.2,3.4
5011,2.2,2.6
5012,2.2,2.9
5013,2.2,3.0
5014,2.2,2.9
5015,2.2,3.3
5016,2.2,2.5
5017,2.2,2.6
5018,2.2,3.7
5019,2.2,2.7
5020,2.2,3.0
5021,2.2,3.9
5022,2.2,2.7
5023,2.2,3.0
5024,2.2,3.4
5025,2.2,3.5
5026,2.2,2.9
5027,2.2,2.7
5028,2.2,3.5
5029,2.2,2.9
5030,2.2,2.9
5031,2.2,3.0
5032,2.2,2.6
5033,2.2,2.5
5034,2.2,3.3
5035,2.2,2.8
5036,2.2,2.86
5037,2.7,2.84
5038,2.7,3.49
5039,2.7,2.98
5040,2.7,2.88
5041,2.7,2.8
5042,2.7,2.72
5043,2.7,2.96
5044,2.7,3.0
5045,2.7,2.62
5046,2.7,2.53
5047,2.7,2.57
5048,2.7,2.5
5049,2.7,2.73
5050,2.7,2.87
5051,2.7,2.93
5052,2.7,3.29
5053,2.7,2.6
5054,2.7,2.65
5055,2.7,2.55
5056,2.7,2.61
5057,2.7,3.16
5058,2.7,3.28
5059,2.7,2.52
5060,2.7,2.88
5061,2.7,2.67
5062,2.7,2.69
5063,2.7,3.5
5064,2.7,3.5
5065,2.7,3.6
5066,2.7,2.8
5067,2.7,2.9
5068,2.7,3.2
5069,2.7,2.9
5070,2.7,3.4
5071,2.7,2.6
5072,2.7,3.04
5073,2.7,4.26
5074,3.2,3.1
5075,3.2,3.1
5076,2.1,2.62
5077,2.1,2.6
5078,3.1,3.05
5079,3.1,2.52
5080,3.1,3.26
5081,3.1,3.14
5082,3.1,3.23
5083,3.1,3.55
5084,3.1,2.55
5085,3.1,3.29
5086,3.1,2.61
5087,3.1,2.69
5088,3.1,2.76
5089,3.1,2.55
5090,3.1,2.84
5091,3.1,2.76
5092,3.1,2.96
5093,3.1,3.09
5094,3.1,2.72
5095,3.1,2.5
5096,3.1,2.78
5097,3.1,2.91
5098,3.1,3.43
5099,3.1,2.9
5100,3.1,3.2
5101,3.1,3.4
5102,3.1,2.8
5103,3.1,2.8
5104,3.1,3.8
5105,3.1,2.6
5106,3.1,2.5
5107,3.6,3.29
5108,3.6,4.37
5109,4.2,4.45
5110,4.2,3.9
5111,5.2,4.31
5112,5.7,6.0
5113,2.0,4.4
5114,2.0,3.2
5115,2.0,3.2
5116,2.0,4.0
5117,2.0,4.7
5118,2.0,4.2
5119,2.0,5.4
5120,2.0,5.3
5121,2.0,5.4
5122,2.0,5.8
5123,2.0,4.1
5124,2.0,3.5
5125,2.0,2.9
5126,2.0,3.1
5127,2.5,4.0
5128,3.0,3.11
5129,4.0,5.0
5130,6.0,4.39
5131,1.0,3.9
5132,1.0,3.9
5133,1.0,5.2
5134,1.0,4.4
5135,1.0,5.1
5136,1.0,2.6
5137,1.0,2.5300000000000002
5138,1.0,5.2
5139,1.0,3.2
5140,1.0,4.0
5141,1.0,4.8
5142,1.0,4.3
5143,1.0,3.3
5144,1.0,2.7
5145,1.0,3.0
5146,1.0,2.9
5147,1.0,3.2
5148,1.0,3.0
5149,1.0,4.1
5150,2.9,2.7
5151,2.9,4.2
5152,3.4,5.2
5153,3.4,5.5
5154,3.4,3.7
5155,3.4,5.1
5156,3.4,3.8
5157,3.4,4.8
5158,3.4,2.65
5159,3.4,4.0
5160,3.4,3.3
5161,3.4,3.1
5162,4.8,4.2
5163,3.3,3.1
5164,3.8,2.84
5165,3.8,4.6
5166,3.8,2.61
5167,3.8,3.22
5168,3.8,4.0
5169,3.8,4.4
5170,3.8,3.7
5171,4.1,3.3
5172,4.1,4.4
5173,2.2,5.5
5174,2.2,4.0
5175,2.2,4.1
5176,2.2,3.3
5177,2.2,3.9
5178,2.2,2.65
5179,2.2,4.2
5180,2.2,3.8
5181,2.2,3.1
5182,2.2,4.0
5183,2.2,4.1
5184,2.2,3.3
5185,2.2,2.7
5186,2.2,4.5
5187,2.2,4.3
5188,2.2,4.2
5189,2.2,3.2
5190,2.2,2.82
5191,2.2,3.0
5192,2.2,2.56
5193,2.2,3.9
5194,2.7,5.8
5195,2.7,4.1
5196,2.7,4.0
5197,2.7,3.4
5198,2.7,3.2
5199,2.7,4.1
5200,2.7,3.2
5201,2.7,4.4
5202,2.7,5.6
5203,2.7,3.5
5204,2.7,5.0
5205,2.7,4.0
5206,2.7,3.0300000000000002
5207,2.1,5.1
5208,3.1,4.5
5209,3.1,3.4
5210,3.1,4.4
5211,3.1,5.1
5212,3.1,4.2
5213,3.1,3.2
5214,3.1,5.5
5215,3.1,4.5
5216,3.1,2.74
5217,2.7,3.3
5218,4.2,3.1
5219,4.2,2.66
5220,2.0,2.9
5221,2.0,2.8
5222,2.0,2.63
5223,2.0,3.4
5224,1.0,2.6
5225,1.0,2.5
5226,1.0,3.1
5227,3.4,2.5
5228,4.1,3.0
5229,2.2,2.5
5230,2.7,2.7
5231,4.3,3.9
5232,4.8,3.9
5233,5.8,3.9
5234,3.8,2.54
5235,2.0,2.51
5236,2.0,2.5
5237,2.0,2.85
5238,2.0,2.69
5239,2.0,2.6
5240,2.0,3.13
5241,2.0,2.9
5242,3.5,3.93
5243,3.5,3.2
5244,4.0,2.5
5245,1.0,3.3
5246,1.0,2.91
5247,1.0,2.93
5248,1.0,3.14
5249,1.0,2.52
5250,1.0,3.03
5251,1.0,3.22
5252,1.0,3.06
5253,2.4,2.9
5254,2.9,2.7
5255,3.4,2.99
5256,3.4,2.8
5257,3.4,3.2
5258,3.4,2.9
5259,3.4,3.72
5260,4.3,3.4
5261,3.3,3.8
5262,3.3,3.63
5263,3.8,2.5
5264,3.8,3.6
5265,3.8,3.3
5266,4.1,3.1
5267,4.6,3.7
5268,4.6,4.22
5269,2.2,2.6
5270,2.2,2.6
5271,2.2,2.89
5272,2.2,2.85
5273,2.2,2.52
5274,2.7,3.0
5275,2.7,3.33
5276,2.7,2.63
5277,2.7,3.0
5278,3.1,3.13
5279,3.1,3.1
5280,2.0,2.8
5281,5.5,3.7
5282,2.9,3.3
5283,3.4,2.7
5284,3.4,3.3
5285,3.4,2.8
5286,3.4,3.6
5287,3.3,3.8
5288,3.8,3.8
5289,3.8,3.7
5290,4.1,3.6
5291,2.2,3.1
5292,2.2,2.56
5293,2.7,2.9
5294,2.7,2.7
5295,2.7,2.82
5296,3.2,3.3
5297,2.6,3.4
5298,3.1,3.0
5299,3.1,2.8
5300,4.2,2.7
5301,4.0,3.14
5302,3.4,2.5
5303,4.3,2.93
5304,3.8,2.75
5305,4.1,2.7
5306,2.2,2.73
5307,2.7,2.59
5308,3.1,2.81
5309,3.6,2.64
5310,2.0,2.6
5311,3.0,2.8
5312,3.0,2.9
5313,3.5,2.9
5314,3.5,3.6
5315,3.5,3.4
5316,4.5,2.5
5317,5.0,3.9
5318,1.0,2.7
5319,2.9,2.8
5320,3.4,3.1
5321,3.4,3.76
5322,3.9,2.6
5323,3.8,2.6
5324,3.8,2.5
5325,4.1,3.8
5326,4.1,2.5
5327,4.1,2.5
5328,4.1,2.5
5329,4.1,3.2
5330,4.1,3.1
5331,4.6,3.0
5332,2.2,2.7
5333,3.7,3.6
5334,4.4,4.3
5335,3.1,3.2
5336,3.1,2.8
5337,3.6,3.5
5338,4.2,4.1
5339,5.2,3.7
5340,3.4,2.57
5341,4.1,2.52
5342,2.7,2.54
5343,4.3,2.51
5344,4.1,3.03
5345,2.2,2.64
5346,2.7,2.52
5347,3.8,2.6
5348,3.1,2.6
5349,3.4,2.5
5350,2.0,2.57
5351,2.0,2.59
5352,5.0,2.84
5353,5.5,2.81
5354,4.3,3.16
5355,4.8,3.12
5356,4.8,2.53
5357,3.8,2.79
5358,4.1,2.71
5359,4.1,2.59
5360,2.2,2.59
5361,2.2,2.56
5362,5.4,4.0
5363,3.1,2.64
5364,4.5,3.8
5365,3.4,3.4
5366,4.1,2.9
5367,4.6,3.1
5368,3.1,2.7
5369,3.4,2.8
5370,5.3,3.8
5371,4.1,2.6
5372,4.1,2.5
5373,4.9,3.6
5374,4.7,2.6
5375,2.0,2.77
5376,2.0,2.68
5377,2.0,2.66
5378,2.0,2.9
5379,2.0,2.52
5380,2.0,2.71
5381,2.0,2.61
5382,2.0,2.76
5383,2.0,3.16
5384,2.5,2.55
5385,3.5,2.56
5386,3.5,3.19
5387,4.5,3.29
5388,4.5,2.67
5389,4.5,3.24
5390,5.0,3.19
5391,5.0,2.93
5392,1.0,2.79
5393,1.0,2.96
5394,1.0,2.71
5395,1.0,2.8
5396,1.0,2.7
5397,1.0,3.14
5398,1.0,2.6
5399,1.0,2.71
5400,3.4,2.65
5401,3.4,3.03
5402,3.4,2.79
5403,3.4,2.52
5404,3.4,2.52
5405,3.4,3.12
5406,3.4,3.34
5407,3.4,3.09
5408,3.4,2.77
5409,3.4,2.61
5410,3.4,3.12
5411,3.4,2.61
5412,3.4,2.76
5413,3.4,2.71
5414,3.4,2.68
5415,3.4,2.56
5416,3.9,3.14
5417,4.3,3.04
5418,4.3,2.6
5419,4.3,2.91
5420,4.3,2.84
5421,5.3,2.8
5422,5.8,2.92
5423,6.3,4.5
5424,3.8,2.5
5425,3.8,2.9
5426,3.8,2.72
5427,3.8,2.63
5428,3.8,2.88
5429,3.8,2.73
5430,3.8,2.54
5431,3.8,2.51
5432,4.1,2.81
5433,4.1,3.07
5434,4.1,3.14
5435,4.1,3.28
5436,4.1,3.21
5437,4.1,3.42
5438,4.1,2.78
5439,4.1,2.69
5440,4.1,2.79
5441,4.1,3.05
5442,4.6,2.69
5443,4.6,2.62
5444,4.6,2.64
5445,4.6,2.87
5446,4.6,2.7
5447,4.6,2.54
5448,4.6,2.74
5449,5.6,2.83
5450,6.6,3.8
5451,2.2,2.56
5452,2.2,2.59
5453,2.2,2.86
5454,2.2,2.68
5455,2.2,2.61
5456,2.2,2.6
5457,2.2,2.53
5458,2.2,2.59
5459,2.2,2.5
5460,2.2,2.82
5461,2.2,2.63
5462,2.7,2.7
5463,2.7,2.64
5464,2.7,2.74
5465,2.7,2.61
5466,2.7,3.01
5467,2.7,2.51
5468,2.7,2.84
5469,2.7,2.6
5470,3.2,3.15
5471,3.7,3.11
5472,3.7,2.98
5473,4.9,2.9
5474,4.9,2.51
5475,5.4,3.73
5476,3.1,2.65
5477,3.1,2.64
5478,3.1,3.0
5479,3.1,2.5
5480,3.1,3.04
5481,3.1,2.67
5482,3.1,2.6
5483,3.1,2.79
5484,3.1,2.53
5485,3.1,2.54
5486,3.1,3.08
5487,3.1,2.65
5488,3.1,2.8
5489,3.1,2.96
5490,3.1,3.61
5491,3.1,2.98
5492,3.1,3.4
5493,3.1,2.75
5494,3.6,2.92
5495,4.2,2.62
5496,4.2,3.53
5497,4.2,2.57
5498,4.2,2.75
5499,4.2,3.36
5500,4.2,3.24
5501,4.7,3.55
5502,4.7,4.0
5503,3.4,2.71
5504,4.3,2.56
5505,4.3,2.57
5506,4.1,2.76
5507,4.1,2.59
5508,4.1,2.56
5509,3.1,2.55
5510,3.7,3.0
5511,2.0,4.3
5512,4.5,3.21
5513,5.0,2.61
5514,3.4,2.66
5515,3.4,2.62
5516,3.9,3.19
5517,4.3,2.72
5518,3.8,2.78
5519,3.8,2.51
5520,3.8,2.83
5521,4.1,2.51
5522,4.1,2.5
5523,4.1,2.72
5524,5.6,2.94
5525,2.2,2.57
5526,2.2,2.5
5527,2.7,2.64
5528,3.7,2.73
5529,3.1,2.55
5530,3.1,2.58
5531,3.1,2.78
5532,3.1,2.77
5533,4.2,3.28
5534,0.0,2.78
5535,0.0,2.52
5536,0.0,3.18
5537,0.0,2.59
5538,0.0,2.78
5539,0.0,2.65
5540,0.0,2.53
5541,0.0,2.66
5542,0.0,2.73
5543,2.0,2.73
5544,2.0,2.61
5545,2.0,2.5
5546,2.0,2.6
5547,2.0,2.53
5548,2.0,2.52
5549,2.0,2.56
5550,2.0,2.68
5551,2.0,2.8
5552,2.0,3.0
5553,2.0,2.66
5554,2.0,2.51
5555,2.0,2.53
5556,2.0,2.62
5557,2.0,2.86
5558,2.0,2.86
5559,2.0,2.78
5560,2.0,2.71
5561,2.0,2.58
5562,2.0,2.5
5563,2.0,2.71
5564,2.0,2.9
5565,2.0,2.82
5566,2.0,2.54
5567,2.0,2.65
5568,2.0,2.61
5569,2.0,2.82
5570,2.0,2.63
5571,2.0,3.01
5572,2.0,2.94
5573,2.0,2.5
5574,2.0,2.58
5575,2.0,2.86
5576,2.0,2.58
5577,2.0,2.56
5578,2.0,2.92
5579,2.0,2.57
5580,2.0,3.17
5581,2.0,2.71
5582,2.0,2.65
5583,2.0,2.82
5584,2.0,2.73
5585,2.0,2.63
5586,2.0,3.0
5587,2.0,2.89
5588,2.0,2.63
5589,2.0,2.51
5590,2.0,2.73
5591,2.0,2.89
5592,2.0,2.63
5593,2.0,2.65
5594,2.0,2.91
5595,2.0,2.83
5596,2.0,2.93
5597,2.0,2.57
5598,2.0,2.76
5599,2.0,3.26
5600,2.0,2.62
5601,2.0,2.82
5602,2.0,2.9
5603,2.0,2.73
5604,2.0,2.52
5605,2.0,3.7
5606,2.0,2.7
5607,2.0,2.88
5608,2.0,2.7
5609,2.0,2.65
5610,2.0,2.97
5611,2.0,4.11
5612,2.0,3.3
5613,2.0,2.64
5614,2.0,2.74
5615,2.0,2.64
5616,2.0,2.54
5617,2.0,3.08
5618,2.0,3.32
5619,2.0,2.57
5620,2.0,2.73
5621,2.0,2.78
5622,2.0,2.52
5623,2.0,2.75
5624,2.0,2.69
5625,2.0,3.13
5626,2.0,2.7
5627,2.0,2.59
5628,2.0,2.62
5629,2.0,3.58
5630,2.0,2.76
5631,2.0,2.77
5632,2.0,2.98
5633,2.0,2.64
5634,2.0,2.73
5635,2.0,2.65
5636,2.0,3.12
5637,2.0,3.08
5638,2.0,2.6
5639,2.0,2.81
5640,2.0,2.66
5641,2.0,2.62
5642,2.0,2.83
5643,2.0,2.6
5644,2.0,2.53
5645,2.0,2.53
5646,2.0,2.69
5647,2.0,2.85
5648,2.0,2.81
5649,2.0,2.56
5650,2.0,2.55
5651,2.0,2.68
5652,2.0,2.78
5653,2.0,2.59
5654,2.0,2.52
5655,2.0,3.01
5656,2.0,2.51
5657,2.0,2.9
5658,2.0,2.9
5659,2.0,2.55
5660,2.0,2.81
5661,2.0,2.7
5662,2.0,2.82
5663,2.0,2.91
5664,2.0,2.57
5665,2.0,3.01
5666,2.0,2.51
5667,2.0,2.7
5668,2.0,2.5
5669,2.0,2.77
5670,2.0,2.82
5671,2.0,2.58
5672,2.0,2.89
5673,2.0,2.8
5674,2.0,2.84
5675,2.0,2.56
5676,2.0,2.85
5677,2.0,2.62
5678,2.0,2.52
5679,2.0,2.72
5680,2.0,2.9
5681,2.0,2.5
5682,2.0,2.8
5683,2.0,3.24
5684,2.0,2.6
5685,2.0,2.79
5686,2.0,2.73
5687,2.0,2.67
5688,2.0,2.78
5689,2.0,2.57
5690,2.0,2.91
5691,2.0,2.79
5692,2.0,3.04
5693,2.0,2.72
5694,2.0,2.98
5695,2.0,2.51
5696,2.0,2.56
5697,2.0,2.79
5698,2.0,2.64
5699,2.0,2.73
5700,2.0,2.88
5701,2.0,2.93
5702,2.0,2.9
5703,2.0,3.54
5704,2.0,2.8
5705,2.0,2.79
5706,2.0,2.96
5707,2.0,2.68
5708,2.0,2.92
5709,2.0,2.65
5710,2.0,2.67
5711,2.0,2.52
5712,2.0,3.07
5713,2.0,2.69
5714,2.0,3.07
5715,2.0,2.6
5716,2.0,2.88
5717,2.0,2.59
5718,2.0,2.79
5719,2.0,2.84
5720,2.0,2.87
5721,2.0,2.58
5722,2.0,2.74
5723,2.0,2.52
5724,2.0,3.02
5725,2.0,2.81
5726,2.0,2.59
5727,2.0,2.66
5728,2.0,2.9
5729,2.0,2.79
5730,2.5,2.67
5731,2.5,2.61
5732,2.5,2.64
5733,2.5,2.54
5734,2.5,2.77
5735,2.5,2.99
5736,2.5,2.63
5737,2.5,2.77
5738,2.5,2.78
5739,2.5,3.08
5740,2.5,2.84
5741,2.5,2.73
5742,2.5,2.51
5743,2.5,2.85
5744,2.5,2.95
5745,3.0,3.54
5746,3.0,2.53
5747,3.0,2.84
5748,3.0,3.24
5749,3.0,3.19
5750,3.0,2.81
5751,3.0,3.05
5752,3.0,2.9
5753,3.0,2.69
5754,3.0,2.59
5755,3.0,3.0
5756,3.0,2.83
5757,3.5,2.97
5758,3.5,3.55
5759,3.5,3.91
5760,3.5,3.38
5761,3.5,2.83
5762,3.5,3.98
5763,3.5,3.02
5764,4.0,3.26
5765,4.0,3.82
5766,4.0,3.01
5767,4.0,3.5
5768,4.0,2.99
5769,4.0,3.16
5770,4.0,3.4
5771,4.5,2.84
5772,4.5,2.72
5773,4.5,3.14
5774,4.5,2.89
5775,4.5,2.64
5776,4.5,3.48
5777,4.5,2.79
5778,4.5,4.28
5779,4.5,4.19
5780,4.5,4.15
5781,5.0,3.26
5782,5.0,5.06
5783,5.0,3.07
5784,5.0,4.84
5785,5.0,3.16
5786,5.0,4.41
5787,5.5,3.22
5788,6.0,2.98
5789,7.0,4.33
5790,1.0,2.72
5791,1.0,2.6
5792,1.0,2.5
5793,1.0,2.66
5794,1.0,2.78
5795,1.0,2.69
5796,1.0,2.51
5797,1.0,2.55
5798,1.0,2.81
5799,1.0,2.6
5800,1.0,2.59
5801,1.0,2.89
5802,1.0,2.95
5803,1.0,2.77
5804,1.0,3.93
5805,1.0,2.59
5806,1.0,2.79
5807,1.0,2.72
5808,1.0,2.54
5809,1.0,2.75
5810,1.0,2.65
5811,1.0,2.59
5812,1.0,2.88
5813,1.0,2.9
5814,1.0,5.65
5815,1.0,2.69
5816,1.0,3.93
5817,1.0,2.5
5818,1.0,2.89
5819,1.0,2.53
5820,1.0,2.6
5821,1.0,2.54
5822,1.0,2.55
5823,1.0,2.59
5824,1.0,2.68
5825,1.0,3.3
5826,1.0,2.81
5827,1.0,2.95
5828,1.0,2.65
5829,1.0,2.54
5830,1.0,2.67
5831,1.0,2.57
5832,1.0,2.54
5833,1.0,2.52
5834,1.0,3.0
5835,1.0,2.54
5836,1.0,2.88
5837,1.0,2.63
5838,1.0,2.78
5839,1.0,2.73
5840,1.0,2.73
5841,1.0,2.87
5842,1.0,2.76
5843,1.0,3.0
5844,1.0,2.56
5845,1.0,2.85
5846,1.0,2.88
5847,1.0,3.09
5848,1.0,2.94
5849,1.0,2.88
5850,1.0,3.07
5851,1.0,2.77
5852,1.0,2.84
5853,1.0,2.92
5854,1.0,2.5
5855,1.0,2.82
5856,1.0,2.59
5857,1.0,2.7
5858,2.4,2.61
5859,2.4,2.64
5860,2.4,2.54
5861,2.4,2.89
5862,2.9,2.56
5863,2.9,2.99
5864,2.9,2.64
5865,2.9,2.82
5866,2.9,2.72
5867,2.9,2.88
5868,2.9,2.71
5869,2.9,2.53
5870,2.9,3.17
5871,2.9,2.59
5872,2.9,3.84
5873,2.9,2.88
5874,2.9,2.69
5875,2.9,2.92
5876,2.9,2.84
5877,2.9,2.94
5878,2.9,2.73
5879,2.9,2.69
5880,2.9,2.69
5881,2.9,2.68
5882,2.9,3.06
5883,2.9,2.8
5884,2.9,2.86
5885,3.4,2.92
5886,3.4,2.51
5887,3.4,3.27
5888,3.4,3.68
5889,3.4,3.05
5890,3.4,3.18
5891,3.4,2.53
5892,3.4,3.17
5893,3.4,2.59
5894,3.4,2.75
5895,3.4,3.38
5896,3.4,3.09
5897,3.4,2.79
5898,3.4,2.55
5899,3.4,3.1
5900,3.4,3.33
5901,3.4,3.06
5902,3.4,2.56
5903,3.4,2.65
5904,3.4,3.98
5905,3.4,2.63
5906,3.4,2.84
5907,3.4,2.5
5908,3.4,2.61
5909,3.4,2.78
5910,3.4,3.35
5911,3.4,3.47
5912,3.4,3.27
5913,3.4,2.6
5914,3.4,3.09
5915,3.4,2.91
5916,3.4,2.93
5917,3.4,3.79
5918,3.4,2.59
5919,3.4,2.83
5920,3.4,3.19
5921,3.4,3.23
5922,3.4,3.34
5923,3.4,3.33
5924,3.4,2.93
5925,3.4,3.84
5926,3.4,2.74
5927,3.4,3.62
5928,3.4,2.69
5929,3.4,3.24
5930,3.4,2.5
5931,3.4,2.57
5932,3.4,2.72
5933,3.4,3.72
5934,3.4,2.94
5935,3.4,2.62
5936,3.4,3.53
5937,3.4,2.68
5938,3.4,2.71
5939,3.4,2.97
5940,3.4,2.55
5941,3.4,3.54
5942,3.4,2.5
5943,3.4,3.4
5944,3.4,2.95
5945,3.4,3.53
5946,3.4,2.85
5947,3.4,2.58
5948,3.4,3.6
5949,3.4,2.56
5950,3.4,3.01
5951,3.4,3.91
5952,3.4,3.27
5953,3.4,3.49
5954,3.4,3.7
5955,3.4,2.76
5956,3.4,2.92
5957,3.4,3.49
5958,3.4,3.66
5959,3.4,3.42
5960,3.4,2.88
5961,3.4,3.02
5962,3.4,3.75
5963,3.4,2.83
5964,3.4,2.52
5965,3.4,2.61
5966,3.4,2.89
5967,3.4,2.95
5968,3.4,2.5
5969,3.4,2.82
5970,3.4,2.71
5971,3.4,3.56
5972,3.4,3.04
5973,3.4,2.58
5974,3.4,2.83
5975,3.4,2.82
5976,3.4,2.53
5977,3.4,3.45
5978,3.4,2.78
5979,3.4,3.01
5980,3.4,3.67
5981,3.4,2.71
5982,3.4,3.19
5983,3.4,3.26
5984,3.4,2.61
5985,3.4,3.69
5986,3.4,3.35
5987,3.4,2.53
5988,3.4,2.61
5989,3.4,2.68
5990,3.4,2.95
5991,3.4,2.76
5992,3.4,3.29
5993,3.4,3.15
5994,3.4,2.97
5995,3.4,3.14
5996,3.4,3.22
5997,3.4,2.83
5998,3.4,2.68
5999,3.4,2.52
6000,3.4,2.77
6001,3.4,2.82
6002,3.4,3.34
6003,3.4,3.24
6004,3.4,2.88
6005,3.4,2.75
6006,3.4,3.61
6007,3.4,2.72
6008,3.4,4.47
6009,3.4,3.76
6010,3.4,2.91
6011,3.4,2.53
6012,3.4,2.87
6013,3.4,3.79
6014,3.4,3.2
6015,3.4,3.5
6016,3.4,3.02
6017,3.4,3.14
6018,3.4,3.14
6019,3.4,2.75
6020,3.4,3.22
6021,3.4,2.55
6022,3.4,2.65
6023,3.4,3.16
6024,3.4,2.94
6025,3.4,2.57
6026,3.4,2.79
6027,3.4,3.38
6028,3.4,3.09
6029,3.4,3.21
6030,3.4,2.76
6031,3.4,2.6
6032,3.4,2.55
6033,3.4,2.96
6034,3.4,2.69
6035,3.4,2.69
6036,3.9,3.06
6037,3.9,3.56
6038,3.9,3.68
6039,3.9,3.21
6040,3.9,2.77
6041,3.9,3.38
6042,3.9,3.22
6043,4.3,3.41
6044,4.3,3.9
6045,4.3,3.61
6046,4.3,3.25
6047,4.3,3.51
6048,4.3,3.47
6049,4.3,2.8
6050,4.3,3.58
6051,4.3,3.32
6052,4.3,3.62
6053,4.3,4.14
6054,4.3,2.93
6055,4.3,2.86
6056,4.3,3.8
6057,4.3,3.27
6058,4.3,3.56
6059,4.3,2.76
6060,4.3,2.69
6061,4.3,2.77
6062,4.3,2.79
6063,4.3,2.53
6064,4.3,4.08
6065,4.3,3.26
6066,4.3,3.05
6067,4.3,3.66
6068,4.3,3.24
6069,4.3,3.73
6070,4.3,3.24
6071,4.3,2.52
6072,4.3,4.16
6073,4.3,3.92
6074,4.3,4.35
6075,4.3,3.69
6076,4.3,3.4
6077,4.3,3.03
6078,4.3,2.75
6079,4.3,3.34
6080,4.3,3.72
6081,4.3,4.35
6082,4.3,3.29
6083,4.3,3.56
6084,4.3,4.13
6085,4.3,3.24
6086,4.3,3.79
6087,4.3,2.83
6088,4.3,3.55
6089,4.3,3.1
6090,4.8,3.57
6091,4.8,4.14
6092,4.8,3.54
6093,4.8,3.86
6094,4.8,4.38
6095,4.8,4.58
6096,4.8,2.73
6097,4.8,2.64
6098,4.8,2.82
6099,4.8,3.18
6100,4.8,2.67
6101,4.8,2.77
6102,5.3,2.9
6103,5.3,3.0
6104,5.3,3.4
6105,5.3,4.32
6106,5.3,3.29
6107,5.3,3.18
6108,7.8,6.4
6109,2.3,2.66
6110,2.8,2.89
6111,2.8,2.93
6112,2.8,2.54
6113,2.8,3.12
6114,2.8,3.79
6115,2.8,2.85
6116,2.8,2.97
6117,2.8,2.68
6118,2.8,2.81
6119,2.8,2.56
6120,2.8,3.16
6121,2.8,3.08
6122,3.3,3.28
6123,3.3,2.93
6124,3.3,3.38
6125,3.3,3.55
6126,3.3,2.83
6127,3.3,3.12
6128,3.3,3.11
6129,3.3,2.61
6130,3.3,2.99
6131,3.3,2.76
6132,3.3,3.31
6133,3.3,2.5
6134,3.3,2.59
6135,3.3,4.0
6136,3.3,3.05
6137,3.3,2.66
6138,3.3,3.02
6139,3.3,2.82
6140,3.3,2.87
6141,3.3,3.08
6142,3.3,2.59
6143,3.3,2.52
6144,3.3,2.59
6145,3.3,2.71
6146,3.3,2.97
6147,3.3,3.88
6148,3.3,2.63
6149,3.3,2.63
6150,3.3,3.12
6151,3.3,2.97
6152,3.3,2.66
6153,3.8,3.35
6154,3.8,2.75
6155,3.8,3.23
6156,3.8,2.57
6157,3.8,3.12
6158,3.8,2.67
6159,3.8,2.87
6160,3.8,3.12
6161,3.8,2.83
6162,3.8,2.58
6163,3.8,3.62
6164,3.8,3.98
6165,3.8,2.84
6166,3.8,2.7
6167,3.8,3.07
6168,3.8,3.7
6169,3.8,2.71
6170,3.8,3.56
6171,3.8,3.24
6172,3.8,3.01
6173,3.8,2.89
6174,3.8,3.53
6175,3.8,6.0
6176,3.8,3.47
6177,3.8,2.94
6178,3.8,2.82
6179,3.8,3.59
6180,3.8,3.33
6181,3.8,3.56
6182,3.8,2.84
6183,3.8,2.79
6184,3.8,2.6
6185,3.8,2.87
6186,3.8,2.93
6187,3.8,3.54
6188,3.8,2.52
6189,3.8,2.72
6190,3.8,2.99
6191,3.8,2.75
6192,3.8,2.91
6193,3.8,3.12
6194,3.8,3.23
6195,3.8,3.37
6196,3.8,2.62
6197,3.8,2.69
6198,3.8,2.58
6199,3.8,2.78
6200,3.8,3.57
6201,3.8,2.5
6202,3.8,2.99
6203,3.8,3.21
6204,3.8,3.33
6205,3.8,2.7
6206,3.8,2.57
6207,3.8,3.61
6208,3.8,3.33
6209,3.8,3.3
6210,3.8,2.96
6211,3.8,3.55
6212,3.8,2.56
6213,3.8,2.54
6214,3.8,2.71
6215,3.8,2.6
6216,3.8,3.07
6217,3.8,2.91
6218,3.8,3.17
6219,3.8,4.07
6220,3.8,2.95
6221,3.8,2.9
6222,3.8,2.78
6223,3.8,3.93
6224,3.8,4.0
6225,3.8,2.52
6226,3.8,2.5
6227,3.8,2.57
6228,3.8,3.9
6229,3.8,2.9
6230,3.8,3.59
6231,3.8,2.66
6232,3.8,2.8
6233,3.8,2.88
6234,3.8,2.99
6235,3.8,3.07
6236,3.8,3.23
6237,3.8,3.0
6238,3.8,2.54
6239,3.8,2.66
6240,3.8,2.71
6241,3.8,3.62
6242,3.8,2.61
6243,3.8,2.7
6244,3.8,3.42
6245,3.8,3.62
6246,3.8,3.36
6247,3.8,2.77
6248,3.8,2.73
6249,3.8,2.53
6250,3.8,2.79
6251,3.8,2.67
6252,3.8,2.83
6253,3.8,3.22
6254,3.8,3.28
6255,3.8,3.44
6256,3.8,3.02
6257,3.8,2.7
6258,3.8,2.88
6259,3.8,2.73
6260,3.8,2.84
6261,3.8,3.87
6262,3.8,4.65
6263,3.8,3.98
6264,3.8,2.89
6265,3.8,2.69
6266,3.8,3.36
6267,3.8,3.01
6268,3.8,2.7
6269,3.8,2.7
6270,3.8,2.62
6271,3.8,2.58
6272,3.8,2.75
6273,3.8,2.9
6274,3.8,2.94
6275,3.8,2.61
6276,3.8,3.72
6277,3.8,3.02
6278,3.8,3.09
6279,3.8,2.51
6280,3.8,2.61
6281,3.8,3.56
6282,3.8,2.94
6283,3.8,2.56
6284,3.8,2.65
6285,3.8,3.26
6286,3.8,2.83
6287,3.8,2.96
6288,4.1,3.48
6289,4.1,3.26
6290,4.1,3.21
6291,4.1,3.19
6292,4.1,3.42
6293,4.1,3.17
6294,4.1,3.17
6295,4.1,2.69
6296,4.1,3.08
6297,4.1,3.26
6298,4.1,3.41
6299,4.1,2.76
6300,4.1,3.19
6301,4.1,3.14
6302,4.1,2.65
6303,4.1,2.77
6304,4.1,3.59
6305,4.1,2.96
6306,4.1,3.36
6307,4.1,3.47
6308,4.1,4.0
6309,4.1,3.05
6310,4.1,3.15
6311,4.1,2.9
6312,4.1,3.62
6313,4.1,2.52
6314,4.1,2.77
6315,4.1,2.75
6316,4.1,2.7
6317,4.1,2.61
6318,4.1,3.98
6319,4.1,2.72
6320,4.1,3.9
6321,4.1,2.7
6322,4.1,3.37
6323,4.1,4.58
6324,4.1,4.12
6325,4.1,4.26
6326,4.1,2.7
6327,4.1,2.87
6328,4.1,3.53
6329,4.1,2.75
6330,4.1,2.92
6331,4.1,3.29
6332,4.1,3.25
6333,4.1,2.63
6334,4.1,2.72
6335,4.1,2.69
6336,4.1,2.92
6337,4.1,2.71
6338,4.1,2.76
6339,4.1,2.72
6340,4.1,3.13
6341,4.1,4.1
6342,4.1,3.58
6343,4.1,3.78
6344,4.1,2.51
6345,4.1,3.66
6346,4.1,3.02
6347,4.1,4.54
6348,4.1,3.23
6349,4.1,3.58
6350,4.1,3.55
6351,4.1,2.53
6352,4.1,3.17
6353,4.1,2.9
6354,4.1,2.83
6355,4.1,4.02
6356,4.1,3.57
6357,4.1,2.57
6358,4.1,3.38
6359,4.1,2.58
6360,4.1,3.62
6361,4.1,2.79
6362,4.1,3.65
6363,4.1,2.6
6364,4.6,4.0
6365,4.6,2.92
6366,4.6,2.59
6367,4.6,3.45
6368,4.6,2.59
6369,4.6,3.09
6370,4.6,2.65
6371,4.6,2.85
6372,4.6,3.17
6373,4.6,3.16
6374,4.6,2.88
6375,4.6,4.75
6376,4.6,3.74
6377,4.6,3.28
6378,5.1,2.93
6379,6.1,5.48
6380,6.6,4.26
6381,2.2,2.65
6382,2.2,2.53
6383,2.2,2.99
6384,2.2,2.52
6385,2.2,2.83
6386,2.2,2.51
6387,2.2,2.82
6388,2.2,2.78
6389,2.2,2.61
6390,2.2,2.63
6391,2.2,2.5
6392,2.2,2.55
6393,2.2,2.5
6394,2.2,2.59
6395,2.2,2.79
6396,2.2,2.58
6397,2.2,2.52
6398,2.2,2.57
6399,2.2,2.59
6400,2.2,2.57
6401,2.2,2.77
6402,2.2,2.54
6403,2.2,2.76
6404,2.2,2.59
6405,2.2,3.24
6406,2.2,2.94
6407,2.2,2.64
6408,2.2,2.51
6409,2.2,2.86
6410,2.2,2.54
6411,2.2,2.72
6412,2.2,2.63
6413,2.2,2.53
6414,2.2,2.74
6415,2.2,2.78
6416,2.2,2.59
6417,2.2,3.28
6418,2.2,3.02
6419,2.2,2.78
6420,2.2,2.63
6421,2.2,2.86
6422,2.2,2.97
6423,2.2,2.76
6424,2.2,2.88
6425,2.2,2.8
6426,2.2,2.68
6427,2.2,3.0
6428,2.2,2.93
6429,2.2,2.74
6430,2.2,3.06
6431,2.2,2.84
6432,2.2,2.55
6433,2.2,2.54
6434,2.2,2.78
6435,2.2,2.76
6436,2.2,2.8
6437,2.2,2.6
6438,2.2,2.56
6439,2.2,2.97
6440,2.2,3.52
6441,2.2,2.68
6442,2.2,2.72
6443,2.2,2.5
6444,2.2,2.58
6445,2.2,2.7
6446,2.2,2.96
6447,2.2,2.76
6448,2.2,2.61
6449,2.2,2.7
6450,2.2,3.15
6451,2.2,2.77
6452,2.2,3.27
6453,2.2,2.85
6454,2.2,2.79
6455,2.2,3.23
6456,2.2,3.6
6457,2.2,2.64
6458,2.2,2.82
6459,2.2,4.4
6460,2.2,2.69
6461,2.2,3.0
6462,2.2,2.78
6463,2.2,2.71
6464,2.2,2.58
6465,2.2,2.74
6466,2.2,2.55
6467,2.2,3.1
6468,2.2,2.97
6469,2.2,2.5
6470,2.2,2.74
6471,2.2,2.95
6472,2.2,2.82
6473,2.2,3.04
6474,2.2,2.61
6475,2.2,2.5
6476,2.2,2.87
6477,2.2,2.83
6478,2.2,2.69
6479,2.2,2.74
6480,2.2,2.72
6481,2.2,2.7
6482,2.2,2.99
6483,2.2,2.5
6484,2.2,2.94
6485,2.2,2.51
6486,2.2,2.63
6487,2.2,2.86
6488,2.2,2.5
6489,2.2,3.02
6490,2.2,2.57
6491,2.2,2.7
6492,2.2,3.2
6493,2.2,2.53
6494,2.2,3.24
6495,2.2,2.87
6496,2.2,2.71
6497,2.2,2.88
6498,2.2,2.8
6499,2.2,3.0
6500,2.2,2.51
6501,2.2,2.8
6502,2.2,2.61
6503,2.2,2.68
6504,2.2,2.61
6505,2.2,2.54
6506,2.2,2.67
6507,2.2,3.33
6508,2.2,2.81
6509,2.2,2.6
6510,2.2,2.72
6511,2.2,2.53
6512,2.2,2.66
6513,2.2,2.97
6514,2.2,2.69
6515,2.2,3.64
6516,2.2,2.93
6517,2.2,2.83
6518,2.2,2.76
6519,2.2,2.53
6520,2.2,2.71
6521,2.2,2.93
6522,2.2,2.7
6523,2.2,2.86
6524,2.2,2.76
6525,2.2,2.52
6526,2.2,2.87
6527,2.2,2.81
6528,2.2,2.7
6529,2.2,3.5
6530,2.2,2.57
6531,2.2,3.94
6532,2.2,3.04
6533,2.2,2.62
6534,2.2,2.56
6535,2.2,2.81
6536,2.2,2.85
6537,2.2,2.88
6538,2.2,3.21
6539,2.2,2.54
6540,2.2,2.55
6541,2.2,2.93
6542,2.2,2.54
6543,2.2,2.5
6544,2.2,3.56
6545,2.2,2.72
6546,2.2,2.85
6547,2.2,2.87
6548,2.2,2.9
6549,2.2,2.55
6550,2.2,2.59
6551,2.2,2.74
6552,2.2,2.94
6553,2.7,2.7
6554,2.7,2.61
6555,2.7,2.62
6556,2.7,3.27
6557,2.7,3.67
6558,2.7,3.03
6559,2.7,3.11
6560,2.7,2.82
6561,2.7,2.62
6562,2.7,2.84
6563,2.7,2.77
6564,2.7,3.11
6565,2.7,2.57
6566,2.7,2.61
6567,2.7,2.73
6568,2.7,2.7
6569,2.7,3.66
6570,2.7,3.96
6571,2.7,3.02
6572,2.7,2.53
6573,2.7,3.08
6574,2.7,2.99
6575,2.7,2.91
6576,2.7,2.65
6577,2.7,2.53
6578,2.7,2.75
6579,2.7,3.01
6580,2.7,2.64
6581,2.7,2.61
6582,2.7,2.71
6583,2.7,2.8
6584,2.7,2.63
6585,2.7,2.62
6586,2.7,2.6
6587,2.7,3.18
6588,2.7,2.57
6589,2.7,2.73
6590,2.7,3.23
6591,2.7,3.25
6592,2.7,2.52
6593,2.7,2.73
6594,2.7,2.8
6595,2.7,3.26
6596,2.7,2.89
6597,2.7,2.55
6598,2.7,2.64
6599,2.7,2.61
6600,2.7,2.5
6601,2.7,2.68
6602,2.7,2.79
6603,2.7,2.75
6604,2.7,2.53
6605,2.7,2.93
6606,2.7,2.7
6607,2.7,2.65
6608,2.7,2.77
6609,2.7,2.68
6610,2.7,2.87
6611,2.7,3.13
6612,2.7,3.06
6613,2.7,2.6
6614,2.7,2.61
6615,2.7,2.75
6616,2.7,2.54
6617,2.7,3.21
6618,2.7,3.88
6619,2.7,3.87
6620,2.7,2.52
6621,2.7,2.59
6622,2.7,2.72
6623,2.7,2.9
6624,2.7,3.0
6625,2.7,2.65
6626,2.7,2.61
6627,2.7,2.86
6628,2.7,3.15
6629,2.7,2.74
6630,2.7,2.67
6631,2.7,2.76
6632,2.7,3.53
6633,2.7,2.81
6634,2.7,2.56
6635,2.7,2.52
6636,2.7,3.01
6637,2.7,2.66
6638,2.7,3.03
6639,2.7,2.66
6640,2.7,3.09
6641,2.7,2.52
6642,2.7,2.59
6643,2.7,2.75
6644,2.7,3.47
6645,2.7,2.63
6646,2.7,2.55
6647,2.7,2.57
6648,2.7,2.75
6649,2.7,2.61
6650,2.7,2.79
6651,2.7,3.1
6652,2.7,2.83
6653,2.7,2.55
6654,2.7,2.63
6655,2.7,2.5
6656,2.7,2.74
6657,2.7,2.78
6658,2.7,2.53
6659,2.7,3.05
6660,2.7,2.59
6661,2.7,3.25
6662,2.7,2.67
6663,2.7,2.75
6664,2.7,2.61
6665,2.7,3.25
6666,2.7,3.39
6667,2.7,2.6
6668,2.7,2.65
6669,2.7,2.53
6670,2.7,4.02
6671,2.7,3.3
6672,2.7,2.5
6673,2.7,2.57
6674,2.7,3.48
6675,2.7,2.84
6676,2.7,2.94
6677,2.7,2.6
6678,2.7,2.61
6679,2.7,2.91
6680,2.7,2.58
6681,2.7,2.64
6682,2.7,2.52
6683,2.7,2.97
6684,2.7,2.88
6685,2.7,2.9
6686,2.7,2.79
6687,2.7,2.55
6688,2.7,2.57
6689,2.7,2.59
6690,2.7,2.6
6691,2.7,3.37
6692,2.7,2.84
6693,2.7,2.82
6694,2.7,2.66
6695,2.7,2.53
6696,2.7,2.76
6697,3.2,3.66
6698,3.2,3.16
6699,3.2,2.92
6700,3.2,2.97
6701,3.2,2.59
6702,3.2,3.01
6703,3.2,2.76
6704,3.2,3.15
6705,3.2,2.99
6706,3.2,2.84
6707,3.7,2.54
6708,3.7,3.76
6709,3.7,3.21
6710,3.7,3.41
6711,3.7,2.94
6712,3.7,3.3
6713,3.7,3.18
6714,3.7,3.3
6715,3.7,2.69
6716,3.7,3.02
6717,3.7,3.0
6718,4.4,3.46
6719,4.4,4.24
6720,4.4,3.58
6721,4.4,4.45
6722,4.4,2.67
6723,4.9,4.29
6724,4.9,2.52
6725,4.9,3.92
6726,4.9,2.68
6727,4.9,4.19
6728,4.9,3.61
6729,4.9,3.21
6730,4.9,4.09
6731,4.9,4.43
6732,4.9,2.58
6733,5.4,2.85
6734,5.4,2.54
6735,5.4,2.84
6736,5.4,4.29
6737,5.4,3.88
6738,6.4,4.92
6739,2.1,2.55
6740,2.1,2.89
6741,2.1,2.52
6742,2.1,2.52
6743,2.1,3.25
6744,2.6,3.59
6745,2.6,2.63
6746,2.6,2.64
6747,3.1,2.78
6748,3.1,3.27
6749,3.1,2.85
6750,3.1,2.64
6751,3.1,2.88
6752,3.1,2.54
6753,3.1,2.87
6754,3.1,3.3
6755,3.1,2.57
6756,3.1,2.59
6757,3.1,3.39
6758,3.1,3.01
6759,3.1,2.5
6760,3.1,3.19
6761,3.1,2.58
6762,3.1,2.59
6763,3.1,2.76
6764,3.1,2.52
6765,3.1,2.56
6766,3.1,2.54
6767,3.1,2.63
6768,3.1,2.51
6769,3.1,4.04
6770,3.1,2.83
6771,3.1,3.09
6772,3.1,2.57
6773,3.1,2.68
6774,3.1,2.62
6775,3.1,3.27
6776,3.1,2.74
6777,3.1,2.97
6778,3.1,2.78
6779,3.1,2.8
6780,3.1,2.52
6781,3.1,2.92
6782,3.1,2.96
6783,3.1,2.73
6784,3.1,2.7
6785,3.1,2.69
6786,3.1,3.35
6787,3.1,2.79
6788,3.1,2.71
6789,3.1,3.36
6790,3.1,2.51
6791,3.1,2.92
6792,3.1,3.54
6793,3.1,2.72
6794,3.1,3.13
6795,3.1,3.31
6796,3.1,3.16
6797,3.1,2.5
6798,3.1,2.51
6799,3.1,2.57
6800,3.1,2.77
6801,3.1,2.64
6802,3.1,2.9
6803,3.1,3.8
6804,3.1,3.1
6805,3.1,2.67
6806,3.1,2.69
6807,3.1,2.85
6808,3.1,3.38
6809,3.1,2.66
6810,3.1,2.6
6811,3.1,2.63
6812,3.1,3.55
6813,3.1,2.76
6814,3.1,3.82
6815,3.1,4.0
6816,3.1,2.7
6817,3.1,2.66
6818,3.1,2.96
6819,3.1,3.06
6820,3.1,3.24
6821,3.1,3.4
6822,3.1,2.59
6823,3.1,2.63
6824,3.1,3.19
6825,3.1,2.78
6826,3.1,3.3
6827,3.1,2.82
6828,3.1,3.76
6829,3.1,2.75
6830,3.1,4.9
6831,3.1,2.55
6832,3.1,2.59
6833,3.1,4.05
6834,3.1,2.5
6835,3.1,2.77
6836,3.1,2.75
6837,3.1,2.87
6838,3.1,2.66
6839,3.1,2.81
6840,3.1,2.58
6841,3.1,2.74
6842,3.1,2.65
6843,3.1,2.67
6844,3.1,2.54
6845,3.1,2.58
6846,3.1,2.51
6847,3.1,2.57
6848,3.1,3.11
6849,3.1,2.86
6850,3.1,2.56
6851,3.1,2.73
6852,3.1,2.72
6853,3.1,2.65
6854,3.1,2.8
6855,3.1,2.74
6856,3.1,2.63
6857,3.1,2.55
6858,3.1,2.64
6859,3.1,2.85
6860,3.1,2.78
6861,3.1,3.16
6862,3.1,2.87
6863,3.1,3.35
6864,3.1,2.5
6865,3.1,2.73
6866,3.1,2.82
6867,3.1,2.88
6868,3.1,2.99
6869,3.1,2.81
6870,3.1,2.76
6871,3.1,3.22
6872,3.1,2.73
6873,3.1,3.07
6874,3.1,2.76
6875,3.1,3.24
6876,3.1,2.64
6877,3.1,2.78
6878,3.1,2.87
6879,3.1,3.28
6880,3.1,3.31
6881,3.1,2.66
6882,3.1,3.88
6883,3.1,2.87
6884,3.1,2.9
6885,3.1,2.81
6886,3.1,2.68
6887,3.1,3.12
6888,3.1,2.7
6889,3.1,3.03
6890,3.1,3.44
6891,3.1,3.05
6892,3.1,2.7
6893,3.1,2.7
6894,3.1,4.35
6895,3.1,3.84
6896,3.1,2.55
6897,3.1,2.81
6898,3.1,2.84
6899,3.1,2.87
6900,3.1,2.97
6901,3.1,2.53
6902,3.1,2.55
6903,3.1,3.12
6904,3.1,2.57
6905,3.1,2.58
6906,3.1,3.07
6907,3.1,3.08
6908,3.1,3.04
6909,3.1,2.62
6910,3.1,2.84
6911,3.1,2.77
6912,3.1,2.87
6913,3.1,2.66
6914,3.1,2.74
6915,3.1,3.32
6916,3.1,3.56
6917,3.1,2.54
6918,3.1,2.68
6919,3.1,3.12
6920,3.1,2.83
6921,3.1,2.86
6922,3.1,3.09
6923,3.1,2.67
6924,3.1,3.05
6925,3.1,2.68
6926,3.6,3.42
6927,3.6,3.09
6928,3.6,3.34
6929,3.6,3.28
6930,3.6,3.57
6931,3.6,2.98
6932,3.6,3.05
6933,3.6,2.9
6934,3.6,2.56
6935,3.6,2.93
6936,3.6,3.35
6937,3.6,2.81
6938,3.6,3.8
6939,3.6,3.24
6940,3.6,2.76
6941,3.6,2.58
6942,3.6,2.88
6943,3.6,3.81
6944,3.6,2.88
6945,3.6,3.16
6946,3.6,3.29
6947,3.6,3.01
6948,3.6,3.61
6949,3.6,3.33
6950,3.6,2.54
6951,3.6,3.62
6952,3.6,3.01
6953,4.2,3.57
6954,4.2,3.86
6955,4.2,2.93
6956,4.2,2.5
6957,4.2,3.13
6958,4.2,3.01
6959,4.2,3.99
6960,4.2,3.78
6961,4.2,4.05
6962,4.2,5.12
6963,4.2,3.86
6964,4.2,2.73
6965,4.2,3.08
6966,4.2,4.84
6967,4.2,3.71
6968,4.7,2.94
6969,4.7,3.13
6970,5.2,4.28
6971,5.7,4.39
6972,5.7,5.58
6973,6.2,5.16
6974,7.2,5.35
6975,7.2,2.99
6976,7.7,6.2
6977,2.0,3.5
6978,2.0,2.6
6979,2.0,3.3
6980,2.0,3.5
6981,2.0,2.8
6982,2.0,3.6
6983,2.0,3.7
6984,2.0,2.6
6985,2.0,2.6
6986,2.0,2.5
6987,2.0,3.2
6988,2.0,3.7
6989,2.0,2.8
6990,2.0,2.8
6991,2.0,2.5
6992,2.0,3.5
6993,2.0,2.9
6994,2.0,3.3
6995,2.0,3.3
6996,2.0,2.8
6997,2.0,3.1
6998,2.0,2.9
6999,2.0,2.5
7000,3.0,3.1
7001,3.5,3.7
7002,3.5,3.4
7003,1.0,3.0
7004,1.0,2.5
7005,1.0,3.2
7006,1.0,2.5
7007,1.0,3.4
7008,1.0,2.7
7009,1.0,3.2
7010,1.0,2.9
7011,1.0,2.7
7012,1.0,3.0
7013,1.0,3.0
7014,1.0,2.7
7015,1.0,3.0
7016,1.0,2.6
7017,1.0,2.5
7018,1.0,2.5
7019,1.0,2.7
7020,1.0,2.5
7021,1.0,2.7
7022,1.0,3.0
7023,1.0,2.6
7024,1.0,3.0
7025,1.0,2.7
7026,1.0,2.6
7027,2.4,3.6
7028,2.9,2.931432504
7029,2.9,3.6
7030,3.4,3.1
7031,3.4,3.6
7032,3.4,2.5
7033,3.4,4.2
7034,3.4,2.9
7035,3.4,2.7
7036,3.4,3.6
7037,3.4,4.9
7038,3.4,2.6
7039,3.4,3.1
7040,3.4,3.5
7041,3.4,3.2
7042,3.4,4.6
7043,3.4,3.3
7044,3.4,3.3
7045,3.4,3.1
7046,3.4,2.5
7047,3.9,4.3
7048,4.3,4.3
7049,2.8,4.2
7050,2.8,3.0
7051,2.8,3.2
7052,3.8,2.9
7053,3.8,2.6
7054,3.8,4.0
7055,3.8,4.2
7056,3.8,4.5
7057,3.8,4.6
7058,3.8,3.0
7059,3.8,3.4
7060,4.1,3.3
7061,4.1,3.1
7062,4.1,3.3
7063,4.1,2.9
7064,4.1,2.8
7065,4.1,3.7
7066,4.1,3.7
7067,4.1,3.4
7068,4.1,3.8
7069,4.6,2.9
7070,2.2,2.6
7071,2.2,3.2
7072,2.2,3.1
7073,2.2,2.5
7074,2.2,2.7
7075,2.2,2.7
7076,2.2,3.2
7077,2.2,2.5
7078,2.2,2.5
7079,2.2,3.0
7080,2.2,2.6
7081,2.2,3.2
7082,2.2,2.5
7083,2.2,2.7
7084,2.2,3.2
7085,2.2,3.0
7086,2.2,3.5
7087,2.7,3.0
7088,2.7,2.8
7089,2.7,3.3
7090,2.7,3.0
7091,2.7,2.6
7092,2.7,4.2
7093,2.7,2.9
7094,2.7,2.6
7095,2.7,2.7
7096,2.7,3.1
7097,2.7,3.4
7098,2.7,3.2
7099,2.7,4.3
7100,2.7,2.9
7101,4.4,3.2
7102,4.4,3.8
7103,2.1,3.2
7104,2.6,2.7
7105,3.1,3.0
7106,3.1,2.6
7107,3.1,3.0
7108,3.1,2.7
7109,3.1,2.8
7110,3.1,4.3
7111,3.1,3.1
7112,3.1,4.0
7113,3.1,3.0
7114,3.1,3.4
7115,3.1,3.7
7116,4.2,3.9
7117,4.7,4.2
7118,2.0,2.92
7119,2.0,2.93
7120,2.0,2.81
7121,2.5,2.93
7122,1.0,2.63
7123,1.0,2.62
7124,2.9,2.64
7125,3.4,2.64
7126,3.4,2.88
7127,3.4,2.84
7128,3.4,3.56
7129,4.3,2.91
7130,3.3,3.0
7131,3.8,3.71
7132,3.8,2.95
7133,3.8,2.89
7134,3.8,3.11
7135,4.1,3.06
7136,4.1,2.89
7137,4.1,2.65
7138,4.1,3.17
7139,4.1,2.8000000000000003
7140,2.2,2.75
7141,2.2,2.69
7142,2.2,2.57
7143,2.7,2.78
7144,2.7,2.56
7145,2.7,2.8
7146,2.7,2.6
7147,2.7,2.73
7148,2.7,2.54
7149,3.7,2.57
7150,2.6,2.58
7151,3.1,2.57
7152,3.1,2.5
7153,3.1,2.68
7154,3.1,3.49
7155,3.1,3.0500000000000003
7156,3.1,2.95
7157,3.1,2.77
7158,3.1,3.14
7159,4.2,3.4
7160,4.2,2.79
7161,4.8,2.52
7162,4.3,2.9
7163,4.3,2.9
7164,3.5,3.24
7165,3.8,2.69
7166,3.8,4.5
7167,4.1,2.65
7168,4.2,2.76
7169,5.0,3.25
7170,6.0,3.4
7171,3.4,2.53
7172,3.4,2.82
7173,4.3,2.51
7174,5.8,2.54
7175,3.8,2.57
7176,4.6,2.57
7177,5.6,3.3
7178,6.1,3.5
7179,3.2,2.57
7180,5.4,3.27
7181,5.2,3.6
7182,6.2,2.76
7183,4.1,2.9
